clog,sp1,sp2,sv,dp1,dp1a,dp1_10,dp1_10a,dp1_50,dp1_50a,dp2,dp2a,dp2_10,dp2_10a,dp2_50,dp2_50a,dp1p2
1,6299.0,9118.0,0.0,-1.0,1.0,-4.0,4.0,-9.0,9.0,-3.0,3.0,-9.0,9.0,-19.0,19.0,2819.0
1,6299.0,9117.0,0.0,-1.0,1.0,-3.0,3.0,-9.0,9.0,-2.0,2.0,-7.0,7.0,-19.0,19.0,2818.0
1,6299.0,9116.0,0.0,0.0,0.0,-2.0,2.0,-9.0,9.0,-1.0,1.0,-6.0,6.0,-18.0,18.0,2817.0
1,6298.0,9113.0,0.0,-1.0,1.0,-3.0,3.0,-9.0,9.0,-3.0,3.0,-9.0,9.0,-22.0,22.0,2815.0
1,6297.0,9111.0,0.0,-3.0,3.0,-3.0,3.0,-10.0,10.0,-2.0,2.0,-10.0,10.0,-23.0,23.0,2814.0
1,6297.0,9111.0,0.0,0.0,0.0,-3.0,3.0,-11.0,11.0,0.0,0.0,-10.0,10.0,-23.0,23.0,2814.0
1,6297.0,9110.0,0.0,0.0,0.0,-2.0,2.0,-11.0,11.0,-1.0,1.0,-8.0,8.0,-24.0,24.0,2813.0
1,6295.0,9110.0,0.0,-2.0,2.0,-5.0,5.0,-12.0,12.0,0.0,0.0,-9.0,9.0,-23.0,23.0,2815.0
1,6294.0,9108.0,0.0,-1.0,1.0,-6.0,6.0,-12.0,12.0,-2.0,2.0,-11.0,11.0,-25.0,25.0,2814.0
1,6294.0,9105.0,0.0,0.0,0.0,-5.0,5.0,-12.0,12.0,-3.0,3.0,-12.0,12.0,-29.0,29.0,2811.0
1,6293.0,9105.0,0.0,-1.0,1.0,-6.0,6.0,-15.0,15.0,0.0,0.0,-11.0,11.0,-29.0,29.0,2812.0
1,6293.0,9105.0,0.0,0.0,0.0,-5.0,5.0,-13.0,13.0,0.0,0.0,-8.0,8.0,-29.0,29.0,2812.0
1,6292.0,9101.0,0.0,-1.0,1.0,-8.0,8.0,-14.0,14.0,-4.0,4.0,-12.0,12.0,-33.0,33.0,2809.0
1,6292.0,9099.0,0.0,0.0,0.0,-5.0,5.0,-16.0,16.0,-2.0,2.0,-12.0,12.0,-33.0,33.0,2807.0
1,6290.0,9097.0,0.0,-2.0,2.0,-7.0,7.0,-15.0,15.0,-2.0,2.0,-14.0,14.0,-35.0,35.0,2807.0
1,6290.0,9094.0,0.0,0.0,0.0,-7.0,7.0,-16.0,16.0,-3.0,3.0,-16.0,16.0,-39.0,39.0,2804.0
1,6287.0,9092.0,0.0,-3.0,3.0,-8.0,8.0,-19.0,19.0,-2.0,2.0,-18.0,18.0,-41.0,41.0,2805.0
1,6287.0,9092.0,0.0,0.0,0.0,-7.0,7.0,-19.0,19.0,0.0,0.0,-16.0,16.0,-42.0,42.0,2805.0
1,6287.0,9089.0,0.0,0.0,0.0,-7.0,7.0,-19.0,19.0,-3.0,3.0,-16.0,16.0,-45.0,45.0,2802.0
1,6286.0,9086.0,0.0,-1.0,1.0,-7.0,7.0,-17.0,17.0,-3.0,3.0,-19.0,19.0,-47.0,47.0,2800.0
1,6284.0,9083.0,0.0,-2.0,2.0,-9.0,9.0,-21.0,21.0,-3.0,3.0,-22.0,22.0,-49.0,49.0,2799.0
1,6283.0,9078.0,0.0,-1.0,1.0,-9.0,9.0,-21.0,21.0,-5.0,5.0,-23.0,23.0,-56.0,56.0,2795.0
1,6279.0,9075.0,0.0,-4.0,4.0,-13.0,13.0,-26.0,26.0,-3.0,3.0,-24.0,24.0,-57.0,57.0,2796.0
1,6279.0,9075.0,0.0,0.0,0.0,-11.0,11.0,-26.0,26.0,0.0,0.0,-22.0,22.0,-57.0,57.0,2796.0
1,6278.0,9072.0,0.0,-1.0,1.0,-12.0,12.0,-27.0,27.0,-3.0,3.0,-22.0,22.0,-60.0,60.0,2794.0
1,6278.0,9070.0,0.0,0.0,0.0,-9.0,9.0,-28.0,28.0,-2.0,2.0,-22.0,22.0,-61.0,61.0,2792.0
1,6276.0,9064.0,0.0,-2.0,2.0,-11.0,11.0,-28.0,28.0,-6.0,6.0,-28.0,28.0,-68.0,68.0,2788.0
1,6273.0,9061.0,0.0,-3.0,3.0,-14.0,14.0,-32.0,32.0,-3.0,3.0,-28.0,28.0,-71.0,71.0,2788.0
1,6270.0,9058.0,0.0,-3.0,3.0,-16.0,16.0,-34.0,34.0,-3.0,3.0,-28.0,28.0,-72.0,72.0,2788.0
1,6270.0,9058.0,0.0,0.0,0.0,-14.0,14.0,-35.0,35.0,0.0,0.0,-25.0,25.0,-72.0,72.0,2788.0
1,6269.0,9054.0,0.0,-1.0,1.0,-14.0,14.0,-36.0,36.0,-4.0,4.0,-24.0,24.0,-76.0,76.0,2785.0
1,6264.0,9049.0,0.0,-5.0,5.0,-15.0,15.0,-40.0,40.0,-5.0,5.0,-26.0,26.0,-80.0,80.0,2785.0
1,6262.0,9046.0,0.0,-2.0,2.0,-17.0,17.0,-41.0,41.0,-3.0,3.0,-29.0,29.0,-83.0,83.0,2784.0
1,6259.0,9044.0,0.0,-3.0,3.0,-19.0,19.0,-44.0,44.0,-2.0,2.0,-28.0,28.0,-83.0,83.0,2785.0
1,6257.0,9038.0,0.0,-2.0,2.0,-21.0,21.0,-46.0,46.0,-6.0,6.0,-32.0,32.0,-91.0,91.0,2781.0
1,6257.0,9038.0,0.0,0.0,0.0,-19.0,19.0,-46.0,46.0,0.0,0.0,-26.0,26.0,-90.0,90.0,2781.0
1,6253.0,9035.0,0.0,-4.0,4.0,-20.0,20.0,-50.0,50.0,-3.0,3.0,-26.0,26.0,-93.0,93.0,2782.0
1,6251.0,9030.0,0.0,-2.0,2.0,-19.0,19.0,-52.0,52.0,-5.0,5.0,-28.0,28.0,-97.0,97.0,2779.0
1,6247.0,9026.0,0.0,-4.0,4.0,-23.0,23.0,-56.0,56.0,-4.0,4.0,-32.0,32.0,-99.0,99.0,2779.0
1,6242.0,9020.0,0.0,-5.0,5.0,-27.0,27.0,-61.0,61.0,-6.0,6.0,-34.0,34.0,-104.0,104.0,2778.0
1,6239.0,9020.0,0.0,-3.0,3.0,-25.0,25.0,-63.0,63.0,0.0,0.0,-29.0,29.0,-104.0,104.0,2781.0
1,6239.0,9020.0,0.0,0.0,0.0,-23.0,23.0,-62.0,62.0,0.0,0.0,-26.0,26.0,-102.0,102.0,2781.0
1,6236.0,9015.0,0.0,-3.0,3.0,-23.0,23.0,-65.0,65.0,-5.0,5.0,-29.0,29.0,-107.0,107.0,2779.0
1,6234.0,9009.0,0.0,-2.0,2.0,-23.0,23.0,-67.0,67.0,-6.0,6.0,-29.0,29.0,-114.0,114.0,2775.0
1,6228.0,9006.0,0.0,-6.0,6.0,-29.0,29.0,-72.0,72.0,-3.0,3.0,-32.0,32.0,-115.0,115.0,2778.0
1,6226.0,9002.0,0.0,-2.0,2.0,-27.0,27.0,-74.0,74.0,-4.0,4.0,-33.0,33.0,-119.0,119.0,2776.0
1,6222.0,8997.0,0.0,-4.0,4.0,-29.0,29.0,-77.0,77.0,-5.0,5.0,-33.0,33.0,-121.0,121.0,2775.0
1,6222.0,8997.0,0.0,0.0,0.0,-25.0,25.0,-78.0,78.0,0.0,0.0,-29.0,29.0,-122.0,122.0,2775.0
1,6218.0,8993.0,0.0,-4.0,4.0,-24.0,24.0,-82.0,82.0,-4.0,4.0,-27.0,27.0,-126.0,126.0,2775.0
1,6212.0,8989.0,0.0,-6.0,6.0,-27.0,27.0,-87.0,87.0,-4.0,4.0,-31.0,31.0,-128.0,128.0,2777.0
1,6209.0,8984.0,0.0,-3.0,3.0,-30.0,30.0,-90.0,90.0,-5.0,5.0,-36.0,36.0,-132.0,132.0,2775.0
1,6205.0,8981.0,0.0,-4.0,4.0,-31.0,31.0,-93.0,93.0,-3.0,3.0,-34.0,34.0,-132.0,132.0,2776.0
1,6199.0,8977.0,0.0,-6.0,6.0,-35.0,35.0,-101.0,101.0,-4.0,4.0,-32.0,32.0,-136.0,136.0,2778.0
1,6199.0,8977.0,0.0,0.0,0.0,-29.0,29.0,-98.0,98.0,0.0,0.0,-29.0,29.0,-134.0,134.0,2778.0
1,6196.0,8973.0,0.0,-3.0,3.0,-30.0,30.0,-101.0,101.0,-4.0,4.0,-29.0,29.0,-138.0,138.0,2777.0
1,6192.0,8969.0,0.0,-4.0,4.0,-30.0,30.0,-105.0,105.0,-4.0,4.0,-28.0,28.0,-141.0,141.0,2777.0
1,6187.0,8965.0,0.0,-5.0,5.0,-35.0,35.0,-108.0,108.0,-4.0,4.0,-32.0,32.0,-145.0,145.0,2778.0
1,6182.0,8961.0,0.0,-5.0,5.0,-36.0,36.0,-112.0,112.0,-4.0,4.0,-32.0,32.0,-147.0,147.0,2779.0
1,6182.0,8961.0,0.0,0.0,0.0,-30.0,30.0,-112.0,112.0,0.0,0.0,-28.0,28.0,-144.0,144.0,2779.0
1,6182.0,8961.0,0.0,0.0,0.0,-27.0,27.0,-111.0,111.0,0.0,0.0,-23.0,23.0,-144.0,144.0,2779.0
1,6173.0,8953.0,0.0,-9.0,9.0,-32.0,32.0,-120.0,120.0,-8.0,8.0,-28.0,28.0,-152.0,152.0,2780.0
1,6167.0,8948.0,0.0,-6.0,6.0,-32.0,32.0,-125.0,125.0,-5.0,5.0,-29.0,29.0,-153.0,153.0,2781.0
1,6165.0,8944.0,0.0,-2.0,2.0,-34.0,34.0,-127.0,127.0,-4.0,4.0,-33.0,33.0,-155.0,155.0,2779.0
1,6158.0,8940.0,0.0,-7.0,7.0,-38.0,38.0,-132.0,132.0,-4.0,4.0,-33.0,33.0,-157.0,157.0,2782.0
1,6155.0,8936.0,0.0,-3.0,3.0,-37.0,37.0,-135.0,135.0,-4.0,4.0,-33.0,33.0,-158.0,158.0,2781.0
1,6155.0,8936.0,0.0,0.0,0.0,-32.0,32.0,-132.0,132.0,0.0,0.0,-29.0,29.0,-156.0,156.0,2781.0
1,6150.0,8933.0,0.0,-5.0,5.0,-32.0,32.0,-137.0,137.0,-3.0,3.0,-28.0,28.0,-159.0,159.0,2783.0
1,6144.0,8928.0,0.0,-6.0,6.0,-38.0,38.0,-143.0,143.0,-5.0,5.0,-33.0,33.0,-161.0,161.0,2784.0
1,6140.0,8925.0,0.0,-4.0,4.0,-42.0,42.0,-146.0,146.0,-3.0,3.0,-36.0,36.0,-161.0,161.0,2785.0
1,6133.0,8922.0,0.0,-7.0,7.0,-40.0,40.0,-151.0,151.0,-3.0,3.0,-31.0,31.0,-161.0,161.0,2789.0
1,6129.0,8918.0,0.0,-4.0,4.0,-38.0,38.0,-154.0,154.0,-4.0,4.0,-30.0,30.0,-160.0,160.0,2789.0
1,6129.0,8918.0,0.0,0.0,0.0,-36.0,36.0,-150.0,150.0,0.0,0.0,-26.0,26.0,-157.0,157.0,2789.0
1,6123.0,8913.0,0.0,-6.0,6.0,-35.0,35.0,-156.0,156.0,-5.0,5.0,-27.0,27.0,-162.0,162.0,2790.0
1,6117.0,8909.0,0.0,-6.0,6.0,-38.0,38.0,-161.0,161.0,-4.0,4.0,-27.0,27.0,-163.0,163.0,2792.0
1,6114.0,8905.0,0.0,-3.0,3.0,-41.0,41.0,-164.0,164.0,-4.0,4.0,-31.0,31.0,-165.0,165.0,2791.0
1,6108.0,8902.0,0.0,-6.0,6.0,-42.0,42.0,-168.0,168.0,-3.0,3.0,-31.0,31.0,-162.0,162.0,2794.0
1,6104.0,8895.0,0.0,-4.0,4.0,-40.0,40.0,-169.0,169.0,-7.0,7.0,-33.0,33.0,-166.0,166.0,2791.0
1,6104.0,8895.0,0.0,0.0,0.0,-36.0,36.0,-166.0,166.0,0.0,0.0,-30.0,30.0,-163.0,163.0,2791.0
1,6099.0,8893.0,0.0,-5.0,5.0,-34.0,34.0,-171.0,171.0,-2.0,2.0,-29.0,29.0,-165.0,165.0,2794.0
1,6092.0,8890.0,0.0,-7.0,7.0,-37.0,37.0,-177.0,177.0,-3.0,3.0,-28.0,28.0,-164.0,164.0,2798.0
1,6088.0,8886.0,0.0,-4.0,4.0,-41.0,41.0,-176.0,176.0,-4.0,4.0,-32.0,32.0,-163.0,163.0,2798.0
1,6082.0,8881.0,0.0,-6.0,6.0,-41.0,41.0,-180.0,180.0,-5.0,5.0,-32.0,32.0,-165.0,165.0,2799.0
1,6077.0,8877.0,0.0,-5.0,5.0,-40.0,40.0,-182.0,182.0,-4.0,4.0,-32.0,32.0,-167.0,167.0,2800.0
1,6077.0,8877.0,0.0,0.0,0.0,-37.0,37.0,-180.0,180.0,0.0,0.0,-28.0,28.0,-161.0,161.0,2800.0
1,6073.0,8874.0,0.0,-4.0,4.0,-35.0,35.0,-184.0,184.0,-3.0,3.0,-28.0,28.0,-164.0,164.0,2801.0
1,6067.0,8869.0,0.0,-6.0,6.0,-37.0,37.0,-186.0,186.0,-5.0,5.0,-26.0,26.0,-166.0,166.0,2802.0
1,6063.0,8866.0,0.0,-4.0,4.0,-41.0,41.0,-188.0,188.0,-3.0,3.0,-29.0,29.0,-164.0,164.0,2803.0
1,6060.0,8861.0,0.0,-3.0,3.0,-39.0,39.0,-187.0,187.0,-5.0,5.0,-32.0,32.0,-165.0,165.0,2801.0
1,6054.0,8857.0,0.0,-6.0,6.0,-38.0,38.0,-188.0,188.0,-4.0,4.0,-33.0,33.0,-163.0,163.0,2803.0
1,6054.0,8857.0,0.0,0.0,0.0,-34.0,34.0,-185.0,185.0,0.0,0.0,-29.0,29.0,-163.0,163.0,2803.0
1,6049.0,8853.0,0.0,-5.0,5.0,-33.0,33.0,-190.0,190.0,-4.0,4.0,-28.0,28.0,-167.0,167.0,2804.0
1,6041.0,8848.0,0.0,-8.0,8.0,-36.0,36.0,-195.0,195.0,-5.0,5.0,-29.0,29.0,-167.0,167.0,2807.0
1,6037.0,8847.0,0.0,-4.0,4.0,-40.0,40.0,-197.0,197.0,-1.0,1.0,-30.0,30.0,-162.0,162.0,2810.0
1,6030.0,8840.0,0.0,-7.0,7.0,-43.0,43.0,-198.0,198.0,-7.0,7.0,-34.0,34.0,-166.0,166.0,2810.0
1,6026.0,8837.0,0.0,-4.0,4.0,-41.0,41.0,-200.0,200.0,-3.0,3.0,-32.0,32.0,-165.0,165.0,2811.0
1,6026.0,8837.0,0.0,0.0,0.0,-37.0,37.0,-196.0,196.0,0.0,0.0,-29.0,29.0,-160.0,160.0,2811.0
1,6022.0,8832.0,0.0,-4.0,4.0,-38.0,38.0,-200.0,200.0,-5.0,5.0,-29.0,29.0,-165.0,165.0,2810.0
1,6016.0,8830.0,0.0,-6.0,6.0,-38.0,38.0,-202.0,202.0,-2.0,2.0,-27.0,27.0,-163.0,163.0,2814.0
1,6011.0,8826.0,0.0,-5.0,5.0,-43.0,43.0,-201.0,201.0,-4.0,4.0,-31.0,31.0,-163.0,163.0,2815.0
1,6006.0,8821.0,0.0,-5.0,5.0,-43.0,43.0,-203.0,203.0,-5.0,5.0,-32.0,32.0,-163.0,163.0,2815.0
1,5999.0,8817.0,0.0,-7.0,7.0,-42.0,42.0,-206.0,206.0,-4.0,4.0,-31.0,31.0,-164.0,164.0,2818.0
1,5999.0,8817.0,0.0,0.0,0.0,-38.0,38.0,-200.0,200.0,0.0,0.0,-30.0,30.0,-160.0,160.0,2818.0
1,5994.0,8813.0,0.0,-5.0,5.0,-36.0,36.0,-205.0,205.0,-4.0,4.0,-27.0,27.0,-164.0,164.0,2819.0
1,5989.0,8810.0,0.0,-5.0,5.0,-37.0,37.0,-207.0,207.0,-3.0,3.0,-27.0,27.0,-163.0,163.0,2821.0
1,5983.0,8806.0,0.0,-6.0,6.0,-43.0,43.0,-209.0,209.0,-4.0,4.0,-31.0,31.0,-163.0,163.0,2823.0
1,5978.0,8802.0,0.0,-5.0,5.0,-44.0,44.0,-209.0,209.0,-4.0,4.0,-30.0,30.0,-163.0,163.0,2824.0
1,5974.0,8797.0,0.0,-4.0,4.0,-42.0,42.0,-208.0,208.0,-5.0,5.0,-33.0,33.0,-164.0,164.0,2823.0
1,5974.0,8797.0,0.0,0.0,0.0,-37.0,37.0,-208.0,208.0,0.0,0.0,-29.0,29.0,-164.0,164.0,2823.0
1,5968.0,8795.0,0.0,-6.0,6.0,-38.0,38.0,-214.0,214.0,-2.0,2.0,-26.0,26.0,-166.0,166.0,2827.0
1,5961.0,8791.0,0.0,-7.0,7.0,-38.0,38.0,-212.0,212.0,-4.0,4.0,-26.0,26.0,-162.0,162.0,2830.0
1,5958.0,8788.0,0.0,-3.0,3.0,-41.0,41.0,-209.0,209.0,-3.0,3.0,-29.0,29.0,-160.0,160.0,2830.0
1,5953.0,8783.0,0.0,-5.0,5.0,-41.0,41.0,-212.0,212.0,-5.0,5.0,-30.0,30.0,-161.0,161.0,2830.0
1,5947.0,8779.0,0.0,-6.0,6.0,-42.0,42.0,-211.0,211.0,-4.0,4.0,-31.0,31.0,-161.0,161.0,2832.0
1,5947.0,8779.0,0.0,0.0,0.0,-36.0,36.0,-208.0,208.0,0.0,0.0,-27.0,27.0,-157.0,157.0,2832.0
1,5942.0,8774.0,0.0,-5.0,5.0,-36.0,36.0,-213.0,213.0,-5.0,5.0,-28.0,28.0,-162.0,162.0,2832.0
1,5937.0,8771.0,0.0,-5.0,5.0,-37.0,37.0,-213.0,213.0,-3.0,3.0,-26.0,26.0,-162.0,162.0,2834.0
1,5930.0,8767.0,0.0,-7.0,7.0,-44.0,44.0,-214.0,214.0,-4.0,4.0,-30.0,30.0,-161.0,161.0,2837.0
1,5927.0,8763.0,0.0,-3.0,3.0,-41.0,41.0,-213.0,213.0,-4.0,4.0,-32.0,32.0,-162.0,162.0,2836.0
1,5921.0,8759.0,0.0,-6.0,6.0,-40.0,40.0,-212.0,212.0,-4.0,4.0,-32.0,32.0,-163.0,163.0,2838.0
1,5921.0,8759.0,0.0,0.0,0.0,-37.0,37.0,-208.0,208.0,0.0,0.0,-29.0,29.0,-159.0,159.0,2838.0
1,5913.0,8756.0,0.0,-8.0,8.0,-40.0,40.0,-216.0,216.0,-3.0,3.0,-27.0,27.0,-162.0,162.0,2843.0
1,5910.0,8752.0,0.0,-3.0,3.0,-37.0,37.0,-213.0,213.0,-4.0,4.0,-27.0,27.0,-161.0,161.0,2842.0
1,5905.0,8748.0,0.0,-5.0,5.0,-42.0,42.0,-212.0,212.0,-4.0,4.0,-31.0,31.0,-161.0,161.0,2843.0
1,5900.0,8742.0,0.0,-5.0,5.0,-42.0,42.0,-214.0,214.0,-6.0,6.0,-32.0,32.0,-163.0,163.0,2842.0
1,5894.0,8739.0,0.0,-6.0,6.0,-43.0,43.0,-214.0,214.0,-3.0,3.0,-32.0,32.0,-163.0,163.0,2845.0
1,5894.0,8739.0,0.0,0.0,0.0,-36.0,36.0,-210.0,210.0,0.0,0.0,-28.0,28.0,-156.0,156.0,2845.0
1,5888.0,8735.0,0.0,-6.0,6.0,-39.0,39.0,-216.0,216.0,-4.0,4.0,-28.0,28.0,-160.0,160.0,2847.0
1,5883.0,8733.0,0.0,-5.0,5.0,-38.0,38.0,-216.0,216.0,-2.0,2.0,-26.0,26.0,-160.0,160.0,2850.0
1,5879.0,8728.0,0.0,-4.0,4.0,-42.0,42.0,-213.0,213.0,-5.0,5.0,-31.0,31.0,-162.0,162.0,2849.0
1,5873.0,8724.0,0.0,-6.0,6.0,-40.0,40.0,-215.0,215.0,-4.0,4.0,-32.0,32.0,-162.0,162.0,2851.0
1,5866.0,8720.0,0.0,-7.0,7.0,-44.0,44.0,-216.0,216.0,-4.0,4.0,-32.0,32.0,-161.0,161.0,2854.0
1,5866.0,8720.0,0.0,0.0,0.0,-39.0,39.0,-211.0,211.0,0.0,0.0,-28.0,28.0,-157.0,157.0,2854.0
1,5863.0,8717.0,0.0,-3.0,3.0,-37.0,37.0,-214.0,214.0,-3.0,3.0,-25.0,25.0,-160.0,160.0,2854.0
1,5858.0,8711.0,0.0,-5.0,5.0,-36.0,36.0,-215.0,215.0,-6.0,6.0,-28.0,28.0,-163.0,163.0,2853.0
1,5852.0,8708.0,0.0,-6.0,6.0,-42.0,42.0,-215.0,215.0,-3.0,3.0,-31.0,31.0,-161.0,161.0,2856.0
1,5848.0,8705.0,0.0,-4.0,4.0,-40.0,40.0,-215.0,215.0,-3.0,3.0,-30.0,30.0,-161.0,161.0,2857.0
1,5842.0,8699.0,0.0,-6.0,6.0,-41.0,41.0,-218.0,218.0,-6.0,6.0,-34.0,34.0,-162.0,162.0,2857.0
1,5842.0,8699.0,0.0,0.0,0.0,-37.0,37.0,-212.0,212.0,0.0,0.0,-29.0,29.0,-158.0,158.0,2857.0
1,5835.0,8697.0,0.0,-7.0,7.0,-38.0,38.0,-219.0,219.0,-2.0,2.0,-27.0,27.0,-160.0,160.0,2862.0
1,5829.0,8692.0,0.0,-6.0,6.0,-37.0,37.0,-220.0,220.0,-5.0,5.0,-28.0,28.0,-161.0,161.0,2863.0
1,5825.0,8688.0,0.0,-4.0,4.0,-41.0,41.0,-216.0,216.0,-4.0,4.0,-32.0,32.0,-160.0,160.0,2863.0
1,5820.0,8685.0,0.0,-5.0,5.0,-43.0,43.0,-217.0,217.0,-3.0,3.0,-32.0,32.0,-162.0,162.0,2865.0
1,5813.0,8680.0,0.0,-7.0,7.0,-45.0,45.0,-217.0,217.0,-5.0,5.0,-31.0,31.0,-160.0,160.0,2867.0
1,5813.0,8680.0,0.0,0.0,0.0,-39.0,39.0,-213.0,213.0,0.0,0.0,-28.0,28.0,-157.0,157.0,2867.0
1,5809.0,8678.0,0.0,-4.0,4.0,-39.0,39.0,-217.0,217.0,-2.0,2.0,-27.0,27.0,-159.0,159.0,2869.0
1,5804.0,8672.0,0.0,-5.0,5.0,-38.0,38.0,-218.0,218.0,-6.0,6.0,-27.0,27.0,-160.0,160.0,2868.0
1,5799.0,8669.0,0.0,-5.0,5.0,-43.0,43.0,-217.0,217.0,-3.0,3.0,-30.0,30.0,-161.0,161.0,2870.0
1,5793.0,8664.0,0.0,-6.0,6.0,-42.0,42.0,-218.0,218.0,-5.0,5.0,-33.0,33.0,-162.0,162.0,2871.0
1,5787.0,8662.0,0.0,-6.0,6.0,-42.0,42.0,-219.0,219.0,-2.0,2.0,-30.0,30.0,-159.0,159.0,2875.0
1,5787.0,8662.0,0.0,0.0,0.0,-38.0,38.0,-212.0,212.0,0.0,0.0,-26.0,26.0,-155.0,155.0,2875.0
1,5781.0,8657.0,0.0,-6.0,6.0,-39.0,39.0,-218.0,218.0,-5.0,5.0,-28.0,28.0,-160.0,160.0,2876.0
1,5776.0,8653.0,0.0,-5.0,5.0,-37.0,37.0,-218.0,218.0,-4.0,4.0,-27.0,27.0,-160.0,160.0,2877.0
1,5770.0,8650.0,0.0,-6.0,6.0,-43.0,43.0,-219.0,219.0,-3.0,3.0,-30.0,30.0,-160.0,160.0,2880.0
1,5766.0,8647.0,0.0,-4.0,4.0,-43.0,43.0,-217.0,217.0,-3.0,3.0,-31.0,31.0,-159.0,159.0,2881.0
1,5761.0,8642.0,0.0,-5.0,5.0,-43.0,43.0,-217.0,217.0,-5.0,5.0,-30.0,30.0,-160.0,160.0,2881.0
1,5761.0,8642.0,0.0,0.0,0.0,-38.0,38.0,-213.0,213.0,0.0,0.0,-27.0,27.0,-155.0,155.0,2881.0
1,5755.0,8638.0,0.0,-6.0,6.0,-38.0,38.0,-219.0,219.0,-4.0,4.0,-26.0,26.0,-159.0,159.0,2883.0
1,5749.0,8633.0,0.0,-6.0,6.0,-38.0,38.0,-219.0,219.0,-5.0,5.0,-29.0,29.0,-162.0,162.0,2884.0
1,5745.0,8631.0,0.0,-4.0,4.0,-42.0,42.0,-216.0,216.0,-2.0,2.0,-31.0,31.0,-160.0,160.0,2886.0
1,5740.0,8627.0,0.0,-5.0,5.0,-41.0,41.0,-218.0,218.0,-4.0,4.0,-30.0,30.0,-161.0,161.0,2887.0
1,5734.0,8623.0,0.0,-6.0,6.0,-42.0,42.0,-219.0,219.0,-4.0,4.0,-30.0,30.0,-160.0,160.0,2889.0
1,5734.0,8623.0,0.0,0.0,0.0,-36.0,36.0,-213.0,213.0,0.0,0.0,-27.0,27.0,-156.0,156.0,2889.0
1,5728.0,8619.0,0.0,-6.0,6.0,-38.0,38.0,-219.0,219.0,-4.0,4.0,-28.0,28.0,-160.0,160.0,2891.0
1,5723.0,8615.0,0.0,-5.0,5.0,-38.0,38.0,-219.0,219.0,-4.0,4.0,-27.0,27.0,-159.0,159.0,2892.0
1,5718.0,8612.0,0.0,-5.0,5.0,-43.0,43.0,-219.0,219.0,-3.0,3.0,-30.0,30.0,-159.0,159.0,2894.0
1,5713.0,8608.0,0.0,-5.0,5.0,-42.0,42.0,-217.0,217.0,-4.0,4.0,-30.0,30.0,-159.0,159.0,2895.0
1,5707.0,8603.0,0.0,-6.0,6.0,-42.0,42.0,-220.0,220.0,-5.0,5.0,-30.0,30.0,-160.0,160.0,2896.0
1,5707.0,8603.0,0.0,0.0,0.0,-38.0,38.0,-214.0,214.0,0.0,0.0,-28.0,28.0,-156.0,156.0,2896.0
1,5702.0,8600.0,0.0,-5.0,5.0,-38.0,38.0,-219.0,219.0,-3.0,3.0,-27.0,27.0,-159.0,159.0,2898.0
1,5697.0,8596.0,0.0,-5.0,5.0,-37.0,37.0,-216.0,216.0,-4.0,4.0,-27.0,27.0,-160.0,160.0,2899.0
1,5692.0,8592.0,0.0,-5.0,5.0,-42.0,42.0,-218.0,218.0,-4.0,4.0,-31.0,31.0,-160.0,160.0,2900.0
1,5686.0,8588.0,0.0,-6.0,6.0,-42.0,42.0,-219.0,219.0,-4.0,4.0,-31.0,31.0,-160.0,160.0,2902.0
1,5681.0,8583.0,0.0,-5.0,5.0,-42.0,42.0,-219.0,219.0,-5.0,5.0,-32.0,32.0,-159.0,159.0,2902.0
1,5681.0,8583.0,0.0,0.0,0.0,-37.0,37.0,-213.0,213.0,0.0,0.0,-29.0,29.0,-156.0,156.0,2902.0
1,5678.0,8582.0,0.0,-3.0,3.0,-35.0,35.0,-216.0,216.0,-1.0,1.0,-26.0,26.0,-157.0,157.0,2904.0
1,5671.0,8575.0,0.0,-7.0,7.0,-36.0,36.0,-217.0,217.0,-7.0,7.0,-28.0,28.0,-160.0,160.0,2904.0
1,5665.0,8573.0,0.0,-6.0,6.0,-42.0,42.0,-218.0,218.0,-2.0,2.0,-30.0,30.0,-160.0,160.0,2908.0
1,5661.0,8570.0,0.0,-4.0,4.0,-41.0,41.0,-218.0,218.0,-3.0,3.0,-30.0,30.0,-158.0,158.0,2909.0
1,5653.0,8565.0,0.0,-8.0,8.0,-44.0,44.0,-220.0,220.0,-5.0,5.0,-31.0,31.0,-159.0,159.0,2912.0
1,5653.0,8565.0,0.0,0.0,0.0,-39.0,39.0,-213.0,213.0,0.0,0.0,-27.0,27.0,-155.0,155.0,2912.0
1,5650.0,8561.0,0.0,-3.0,3.0,-36.0,36.0,-216.0,216.0,-4.0,4.0,-27.0,27.0,-159.0,159.0,2911.0
1,5650.0,8561.0,0.0,0.0,0.0,-31.0,31.0,-213.0,213.0,0.0,0.0,-22.0,22.0,-156.0,156.0,2911.0
1,5640.0,8553.0,0.0,-10.0,10.0,-41.0,41.0,-218.0,218.0,-8.0,8.0,-30.0,30.0,-158.0,158.0,2913.0
1,5633.0,8550.0,0.0,-7.0,7.0,-45.0,45.0,-219.0,219.0,-3.0,3.0,-32.0,32.0,-158.0,158.0,2917.0
1,5628.0,8545.0,0.0,-5.0,5.0,-43.0,43.0,-220.0,220.0,-5.0,5.0,-30.0,30.0,-160.0,160.0,2917.0
1,5628.0,8545.0,0.0,0.0,0.0,-37.0,37.0,-214.0,214.0,0.0,0.0,-28.0,28.0,-154.0,154.0,2917.0
1,5622.0,8541.0,0.0,-6.0,6.0,-39.0,39.0,-220.0,220.0,-4.0,4.0,-29.0,29.0,-158.0,158.0,2919.0
1,5617.0,8537.0,0.0,-5.0,5.0,-36.0,36.0,-218.0,218.0,-4.0,4.0,-28.0,28.0,-160.0,160.0,2920.0
1,5614.0,8535.0,0.0,-3.0,3.0,-39.0,39.0,-215.0,215.0,-2.0,2.0,-30.0,30.0,-157.0,157.0,2921.0
1,5608.0,8529.0,0.0,-6.0,6.0,-42.0,42.0,-217.0,217.0,-6.0,6.0,-32.0,32.0,-159.0,159.0,2921.0
1,5601.0,8525.0,0.0,-7.0,7.0,-49.0,49.0,-219.0,219.0,-4.0,4.0,-36.0,36.0,-160.0,160.0,2924.0
1,5601.0,8525.0,0.0,0.0,0.0,-39.0,39.0,-212.0,212.0,0.0,0.0,-28.0,28.0,-155.0,155.0,2924.0
1,5596.0,8522.0,0.0,-5.0,5.0,-37.0,37.0,-217.0,217.0,-3.0,3.0,-28.0,28.0,-158.0,158.0,2926.0
1,5592.0,8519.0,0.0,-4.0,4.0,-36.0,36.0,-217.0,217.0,-3.0,3.0,-26.0,26.0,-159.0,159.0,2927.0
1,5587.0,8515.0,0.0,-5.0,5.0,-41.0,41.0,-217.0,217.0,-4.0,4.0,-30.0,30.0,-157.0,157.0,2928.0
1,5580.0,8510.0,0.0,-7.0,7.0,-42.0,42.0,-219.0,219.0,-5.0,5.0,-31.0,31.0,-159.0,159.0,2930.0
1,5574.0,8507.0,0.0,-6.0,6.0,-43.0,43.0,-219.0,219.0,-3.0,3.0,-30.0,30.0,-157.0,157.0,2933.0
1,5574.0,8507.0,0.0,0.0,0.0,-40.0,40.0,-213.0,213.0,0.0,0.0,-28.0,28.0,-155.0,155.0,2933.0
1,5570.0,8503.0,0.0,-4.0,4.0,-38.0,38.0,-217.0,217.0,-4.0,4.0,-26.0,26.0,-159.0,159.0,2933.0
1,5565.0,8499.0,0.0,-5.0,5.0,-36.0,36.0,-216.0,216.0,-4.0,4.0,-26.0,26.0,-158.0,158.0,2934.0
1,5558.0,8495.0,0.0,-7.0,7.0,-43.0,43.0,-218.0,218.0,-4.0,4.0,-30.0,30.0,-158.0,158.0,2937.0
1,5554.0,8490.0,0.0,-4.0,4.0,-42.0,42.0,-216.0,216.0,-5.0,5.0,-32.0,32.0,-160.0,160.0,2936.0
1,5550.0,8489.0,0.0,-4.0,4.0,-42.0,42.0,-216.0,216.0,-1.0,1.0,-30.0,30.0,-158.0,158.0,2939.0
1,5550.0,8489.0,0.0,0.0,0.0,-37.0,37.0,-211.0,211.0,0.0,0.0,-26.0,26.0,-153.0,153.0,2939.0
1,5544.0,8485.0,0.0,-6.0,6.0,-36.0,36.0,-217.0,217.0,-4.0,4.0,-25.0,25.0,-157.0,157.0,2941.0
1,5539.0,8481.0,0.0,-5.0,5.0,-35.0,35.0,-216.0,216.0,-4.0,4.0,-26.0,26.0,-157.0,157.0,2942.0
1,5534.0,8475.0,0.0,-5.0,5.0,-40.0,40.0,-215.0,215.0,-6.0,6.0,-32.0,32.0,-158.0,158.0,2941.0
1,5528.0,8470.0,0.0,-6.0,6.0,-42.0,42.0,-217.0,217.0,-5.0,5.0,-33.0,33.0,-161.0,161.0,2942.0
1,5522.0,8468.0,0.0,-6.0,6.0,-43.0,43.0,-218.0,218.0,-2.0,2.0,-31.0,31.0,-159.0,159.0,2946.0
1,5522.0,8468.0,0.0,0.0,0.0,-36.0,36.0,-212.0,212.0,0.0,0.0,-27.0,27.0,-155.0,155.0,2946.0
1,5517.0,8464.0,0.0,-5.0,5.0,-37.0,37.0,-217.0,217.0,-4.0,4.0,-26.0,26.0,-159.0,159.0,2947.0
1,5511.0,8461.0,0.0,-6.0,6.0,-39.0,39.0,-217.0,217.0,-3.0,3.0,-28.0,28.0,-158.0,158.0,2950.0
1,5507.0,8459.0,0.0,-4.0,4.0,-43.0,43.0,-216.0,216.0,-2.0,2.0,-30.0,30.0,-156.0,156.0,2952.0
1,5501.0,8453.0,0.0,-6.0,6.0,-43.0,43.0,-217.0,217.0,-6.0,6.0,-32.0,32.0,-159.0,159.0,2952.0
1,5496.0,8449.0,0.0,-5.0,5.0,-43.0,43.0,-217.0,217.0,-4.0,4.0,-32.0,32.0,-159.0,159.0,2953.0
1,5496.0,8449.0,0.0,0.0,0.0,-38.0,38.0,-211.0,211.0,0.0,0.0,-26.0,26.0,-154.0,154.0,2953.0
1,5492.0,8445.0,0.0,-4.0,4.0,-36.0,36.0,-215.0,215.0,-4.0,4.0,-25.0,25.0,-158.0,158.0,2953.0
1,5487.0,8440.0,0.0,-5.0,5.0,-35.0,35.0,-215.0,215.0,-5.0,5.0,-28.0,28.0,-160.0,160.0,2953.0
1,5480.0,8437.0,0.0,-7.0,7.0,-42.0,42.0,-217.0,217.0,-3.0,3.0,-31.0,31.0,-159.0,159.0,2957.0
1,5475.0,8435.0,0.0,-5.0,5.0,-42.0,42.0,-217.0,217.0,-2.0,2.0,-29.0,29.0,-157.0,157.0,2960.0
1,5468.0,8429.0,0.0,-7.0,7.0,-43.0,43.0,-218.0,218.0,-6.0,6.0,-32.0,32.0,-159.0,159.0,2961.0
1,5468.0,8429.0,0.0,0.0,0.0,-39.0,39.0,-213.0,213.0,0.0,0.0,-30.0,30.0,-154.0,154.0,2961.0
1,5464.0,8426.0,0.0,-4.0,4.0,-37.0,37.0,-217.0,217.0,-3.0,3.0,-27.0,27.0,-157.0,157.0,2962.0
1,5458.0,8421.0,0.0,-6.0,6.0,-38.0,38.0,-220.0,220.0,-5.0,5.0,-28.0,28.0,-161.0,161.0,2963.0
1,5453.0,8419.0,0.0,-5.0,5.0,-43.0,43.0,-218.0,218.0,-2.0,2.0,-30.0,30.0,-156.0,156.0,2966.0
1,5448.0,8414.0,0.0,-5.0,5.0,-44.0,44.0,-217.0,217.0,-5.0,5.0,-31.0,31.0,-159.0,159.0,2966.0
1,5442.0,8410.0,0.0,-6.0,6.0,-45.0,45.0,-219.0,219.0,-4.0,4.0,-30.0,30.0,-160.0,160.0,2968.0
1,5442.0,8410.0,0.0,0.0,0.0,-38.0,38.0,-211.0,211.0,0.0,0.0,-27.0,27.0,-155.0,155.0,2968.0
1,5436.0,8406.0,0.0,-6.0,6.0,-39.0,39.0,-217.0,217.0,-4.0,4.0,-29.0,29.0,-159.0,159.0,2970.0
1,5431.0,8403.0,0.0,-5.0,5.0,-37.0,37.0,-219.0,219.0,-3.0,3.0,-26.0,26.0,-158.0,158.0,2972.0
1,5427.0,8399.0,0.0,-4.0,4.0,-41.0,41.0,-223.0,223.0,-4.0,4.0,-30.0,30.0,-162.0,162.0,2972.0
1,5420.0,8395.0,0.0,-7.0,7.0,-44.0,44.0,-220.0,220.0,-4.0,4.0,-31.0,31.0,-158.0,158.0,2975.0
1,5417.0,8390.0,0.0,-3.0,3.0,-41.0,41.0,-216.0,216.0,-5.0,5.0,-31.0,31.0,-160.0,160.0,2973.0
1,5417.0,8390.0,0.0,0.0,0.0,-36.0,36.0,-211.0,211.0,0.0,0.0,-29.0,29.0,-155.0,155.0,2973.0
1,5412.0,8385.0,0.0,-5.0,5.0,-36.0,36.0,-216.0,216.0,-5.0,5.0,-29.0,29.0,-160.0,160.0,2973.0
1,5406.0,8383.0,0.0,-6.0,6.0,-36.0,36.0,-216.0,216.0,-2.0,2.0,-27.0,27.0,-158.0,158.0,2977.0
1,5401.0,8379.0,0.0,-5.0,5.0,-41.0,41.0,-216.0,216.0,-4.0,4.0,-31.0,31.0,-158.0,158.0,2978.0
1,5394.0,8375.0,0.0,-7.0,7.0,-42.0,42.0,-220.0,220.0,-4.0,4.0,-31.0,31.0,-160.0,160.0,2981.0
1,5390.0,8372.0,0.0,-4.0,4.0,-41.0,41.0,-218.0,218.0,-3.0,3.0,-31.0,31.0,-157.0,157.0,2982.0
1,5390.0,8372.0,0.0,0.0,0.0,-37.0,37.0,-211.0,211.0,0.0,0.0,-27.0,27.0,-153.0,153.0,2982.0
1,5383.0,8368.0,0.0,-7.0,7.0,-37.0,37.0,-218.0,218.0,-4.0,4.0,-27.0,27.0,-157.0,157.0,2985.0
1,5379.0,8364.0,0.0,-4.0,4.0,-38.0,38.0,-217.0,217.0,-4.0,4.0,-26.0,26.0,-158.0,158.0,2985.0
1,5375.0,8361.0,0.0,-4.0,4.0,-42.0,42.0,-217.0,217.0,-3.0,3.0,-29.0,29.0,-158.0,158.0,2986.0
1,5368.0,8357.0,0.0,-7.0,7.0,-44.0,44.0,-219.0,219.0,-4.0,4.0,-28.0,28.0,-158.0,158.0,2989.0
1,5363.0,8353.0,0.0,-5.0,5.0,-43.0,43.0,-217.0,217.0,-4.0,4.0,-30.0,30.0,-157.0,157.0,2990.0
1,5363.0,8353.0,0.0,0.0,0.0,-38.0,38.0,-211.0,211.0,0.0,0.0,-26.0,26.0,-154.0,154.0,2990.0
1,5358.0,8348.0,0.0,-5.0,5.0,-36.0,36.0,-216.0,216.0,-5.0,5.0,-27.0,27.0,-159.0,159.0,2990.0
1,5353.0,8345.0,0.0,-5.0,5.0,-37.0,37.0,-217.0,217.0,-3.0,3.0,-27.0,27.0,-158.0,158.0,2992.0
1,5346.0,8341.0,0.0,-7.0,7.0,-44.0,44.0,-219.0,219.0,-4.0,4.0,-31.0,31.0,-158.0,158.0,2995.0
1,5342.0,8337.0,0.0,-4.0,4.0,-41.0,41.0,-216.0,216.0,-4.0,4.0,-31.0,31.0,-158.0,158.0,2995.0
1,5336.0,8333.0,0.0,-6.0,6.0,-43.0,43.0,-218.0,218.0,-4.0,4.0,-31.0,31.0,-157.0,157.0,2997.0
1,5336.0,8333.0,0.0,0.0,0.0,-39.0,39.0,-214.0,214.0,0.0,0.0,-28.0,28.0,-156.0,156.0,2997.0
1,5331.0,8330.0,0.0,-5.0,5.0,-37.0,37.0,-219.0,219.0,-3.0,3.0,-27.0,27.0,-159.0,159.0,2999.0
1,5325.0,8324.0,0.0,-6.0,6.0,-38.0,38.0,-219.0,219.0,-6.0,6.0,-29.0,29.0,-161.0,161.0,2999.0
1,5320.0,8321.0,0.0,-5.0,5.0,-43.0,43.0,-219.0,219.0,-3.0,3.0,-32.0,32.0,-160.0,160.0,3001.0
1,5316.0,8319.0,0.0,-4.0,4.0,-42.0,42.0,-218.0,218.0,-2.0,2.0,-29.0,29.0,-156.0,156.0,3003.0
1,5311.0,8314.0,0.0,-5.0,5.0,-42.0,42.0,-217.0,217.0,-5.0,5.0,-31.0,31.0,-156.0,156.0,3003.0
1,5311.0,8314.0,0.0,0.0,0.0,-35.0,35.0,-211.0,211.0,0.0,0.0,-27.0,27.0,-154.0,154.0,3003.0
1,5305.0,8310.0,0.0,-6.0,6.0,-37.0,37.0,-217.0,217.0,-4.0,4.0,-27.0,27.0,-158.0,158.0,3005.0
1,5299.0,8308.0,0.0,-6.0,6.0,-37.0,37.0,-218.0,218.0,-2.0,2.0,-25.0,25.0,-156.0,156.0,3009.0
1,5294.0,8303.0,0.0,-5.0,5.0,-42.0,42.0,-217.0,217.0,-5.0,5.0,-30.0,30.0,-158.0,158.0,3009.0
1,5288.0,8300.0,0.0,-6.0,6.0,-43.0,43.0,-219.0,219.0,-3.0,3.0,-30.0,30.0,-159.0,159.0,3012.0
1,5283.0,8295.0,0.0,-5.0,5.0,-42.0,42.0,-218.0,218.0,-5.0,5.0,-29.0,29.0,-158.0,158.0,3012.0
1,5283.0,8295.0,0.0,0.0,0.0,-37.0,37.0,-213.0,213.0,0.0,0.0,-26.0,26.0,-154.0,154.0,3012.0
1,5278.0,8291.0,0.0,-5.0,5.0,-38.0,38.0,-218.0,218.0,-4.0,4.0,-28.0,28.0,-158.0,158.0,3013.0
1,5274.0,8287.0,0.0,-4.0,4.0,-37.0,37.0,-218.0,218.0,-4.0,4.0,-27.0,27.0,-158.0,158.0,3013.0
1,5269.0,8282.0,0.0,-5.0,5.0,-42.0,42.0,-218.0,218.0,-5.0,5.0,-32.0,32.0,-158.0,158.0,3013.0
1,5262.0,8281.0,0.0,-7.0,7.0,-43.0,43.0,-218.0,218.0,-1.0,1.0,-29.0,29.0,-156.0,156.0,3019.0
1,5256.0,8277.0,0.0,-6.0,6.0,-43.0,43.0,-219.0,219.0,-4.0,4.0,-31.0,31.0,-158.0,158.0,3021.0
1,5256.0,8277.0,0.0,0.0,0.0,-38.0,38.0,-212.0,212.0,0.0,0.0,-26.0,26.0,-152.0,152.0,3021.0
1,5251.0,8272.0,0.0,-5.0,5.0,-37.0,37.0,-217.0,217.0,-5.0,5.0,-28.0,28.0,-157.0,157.0,3021.0
1,5248.0,8269.0,0.0,-3.0,3.0,-35.0,35.0,-216.0,216.0,-3.0,3.0,-26.0,26.0,-157.0,157.0,3021.0
1,5242.0,8266.0,0.0,-6.0,6.0,-41.0,41.0,-216.0,216.0,-3.0,3.0,-29.0,29.0,-155.0,155.0,3024.0
1,5235.0,8260.0,0.0,-7.0,7.0,-43.0,43.0,-218.0,218.0,-6.0,6.0,-31.0,31.0,-159.0,159.0,3025.0
1,5231.0,8255.0,0.0,-4.0,4.0,-43.0,43.0,-217.0,217.0,-5.0,5.0,-32.0,32.0,-159.0,159.0,3024.0
1,5231.0,8255.0,0.0,0.0,0.0,-38.0,38.0,-211.0,211.0,0.0,0.0,-27.0,27.0,-155.0,155.0,3024.0
1,5225.0,8252.0,0.0,-6.0,6.0,-37.0,37.0,-217.0,217.0,-3.0,3.0,-29.0,29.0,-158.0,158.0,3027.0
1,5222.0,8250.0,0.0,-3.0,3.0,-34.0,34.0,-214.0,214.0,-2.0,2.0,-27.0,27.0,-156.0,156.0,3028.0
1,5215.0,8246.0,0.0,-7.0,7.0,-41.0,41.0,-216.0,216.0,-4.0,4.0,-31.0,31.0,-157.0,157.0,3031.0
1,5209.0,8243.0,0.0,-6.0,6.0,-42.0,42.0,-218.0,218.0,-3.0,3.0,-29.0,29.0,-156.0,156.0,3034.0
1,5205.0,8239.0,0.0,-4.0,4.0,-43.0,43.0,-215.0,215.0,-4.0,4.0,-30.0,30.0,-156.0,156.0,3034.0
1,5205.0,8239.0,0.0,0.0,0.0,-37.0,37.0,-212.0,212.0,0.0,0.0,-27.0,27.0,-151.0,151.0,3034.0
1,5200.0,8234.0,0.0,-5.0,5.0,-35.0,35.0,-217.0,217.0,-5.0,5.0,-26.0,26.0,-156.0,156.0,3034.0
1,5194.0,8229.0,0.0,-6.0,6.0,-37.0,37.0,-218.0,218.0,-5.0,5.0,-26.0,26.0,-156.0,156.0,3035.0
1,5190.0,8227.0,0.0,-4.0,4.0,-41.0,41.0,-216.0,216.0,-2.0,2.0,-28.0,28.0,-156.0,156.0,3037.0
1,5185.0,8223.0,0.0,-5.0,5.0,-40.0,40.0,-216.0,216.0,-4.0,4.0,-29.0,29.0,-156.0,156.0,3038.0
1,5178.0,8218.0,0.0,-7.0,7.0,-44.0,44.0,-216.0,216.0,-5.0,5.0,-32.0,32.0,-157.0,157.0,3040.0
1,5178.0,8218.0,0.0,0.0,0.0,-37.0,37.0,-212.0,212.0,0.0,0.0,-28.0,28.0,-154.0,154.0,3040.0
1,5173.0,8214.0,0.0,-5.0,5.0,-36.0,36.0,-217.0,217.0,-4.0,4.0,-29.0,29.0,-158.0,158.0,3041.0
1,5168.0,8211.0,0.0,-5.0,5.0,-37.0,37.0,-215.0,215.0,-3.0,3.0,-28.0,28.0,-157.0,157.0,3043.0
1,5162.0,8208.0,0.0,-6.0,6.0,-43.0,43.0,-217.0,217.0,-3.0,3.0,-31.0,31.0,-156.0,156.0,3046.0
1,5156.0,8204.0,0.0,-6.0,6.0,-44.0,44.0,-219.0,219.0,-4.0,4.0,-30.0,30.0,-157.0,157.0,3048.0
1,5151.0,8201.0,0.0,-5.0,5.0,-43.0,43.0,-217.0,217.0,-3.0,3.0,-28.0,28.0,-156.0,156.0,3050.0
1,5151.0,8201.0,0.0,0.0,0.0,-39.0,39.0,-212.0,212.0,0.0,0.0,-26.0,26.0,-152.0,152.0,3050.0
1,5147.0,8196.0,0.0,-4.0,4.0,-38.0,38.0,-216.0,216.0,-5.0,5.0,-27.0,27.0,-157.0,157.0,3049.0
1,5142.0,8192.0,0.0,-5.0,5.0,-36.0,36.0,-216.0,216.0,-4.0,4.0,-26.0,26.0,-156.0,156.0,3050.0
1,5138.0,8188.0,0.0,-4.0,4.0,-40.0,40.0,-215.0,215.0,-4.0,4.0,-30.0,30.0,-157.0,157.0,3050.0
1,5131.0,8185.0,0.0,-7.0,7.0,-42.0,42.0,-215.0,215.0,-3.0,3.0,-29.0,29.0,-156.0,156.0,3054.0
1,5125.0,8180.0,0.0,-6.0,6.0,-43.0,43.0,-217.0,217.0,-5.0,5.0,-31.0,31.0,-157.0,157.0,3055.0
1,5125.0,8180.0,0.0,0.0,0.0,-37.0,37.0,-211.0,211.0,0.0,0.0,-28.0,28.0,-153.0,153.0,3055.0
1,5120.0,8177.0,0.0,-5.0,5.0,-36.0,36.0,-216.0,216.0,-3.0,3.0,-27.0,27.0,-156.0,156.0,3057.0
1,5116.0,8173.0,0.0,-4.0,4.0,-35.0,35.0,-215.0,215.0,-4.0,4.0,-28.0,28.0,-157.0,157.0,3057.0
1,5112.0,8169.0,0.0,-4.0,4.0,-39.0,39.0,-213.0,213.0,-4.0,4.0,-32.0,32.0,-155.0,155.0,3057.0
1,5112.0,8169.0,0.0,0.0,0.0,-35.0,35.0,-208.0,208.0,0.0,0.0,-27.0,27.0,-152.0,152.0,3057.0
1,5100.0,8161.0,0.0,-12.0,12.0,-42.0,42.0,-216.0,216.0,-8.0,8.0,-31.0,31.0,-158.0,158.0,3061.0
1,5100.0,8161.0,0.0,0.0,0.0,-38.0,38.0,-211.0,211.0,0.0,0.0,-27.0,27.0,-153.0,153.0,3061.0
1,5094.0,8158.0,0.0,-6.0,6.0,-37.0,37.0,-217.0,217.0,-3.0,3.0,-27.0,27.0,-156.0,156.0,3064.0
1,5089.0,8154.0,0.0,-5.0,5.0,-36.0,36.0,-216.0,216.0,-4.0,4.0,-26.0,26.0,-156.0,156.0,3065.0
1,5085.0,8151.0,0.0,-4.0,4.0,-40.0,40.0,-214.0,214.0,-3.0,3.0,-29.0,29.0,-157.0,157.0,3066.0
1,5080.0,8148.0,0.0,-5.0,5.0,-40.0,40.0,-214.0,214.0,-3.0,3.0,-29.0,29.0,-155.0,155.0,3068.0
1,5072.0,8144.0,0.0,-8.0,8.0,-44.0,44.0,-216.0,216.0,-4.0,4.0,-29.0,29.0,-156.0,156.0,3072.0
1,5072.0,8144.0,0.0,0.0,0.0,-40.0,40.0,-211.0,211.0,0.0,0.0,-25.0,25.0,-151.0,151.0,3072.0
1,5069.0,8139.0,0.0,-3.0,3.0,-43.0,43.0,-214.0,214.0,-5.0,5.0,-30.0,30.0,-156.0,156.0,3070.0
1,5064.0,8136.0,0.0,-5.0,5.0,-36.0,36.0,-214.0,214.0,-3.0,3.0,-25.0,25.0,-155.0,155.0,3072.0
1,5060.0,8132.0,0.0,-4.0,4.0,-40.0,40.0,-214.0,214.0,-4.0,4.0,-29.0,29.0,-155.0,155.0,3072.0
1,5053.0,8128.0,0.0,-7.0,7.0,-41.0,41.0,-216.0,216.0,-4.0,4.0,-30.0,30.0,-154.0,154.0,3075.0
1,5049.0,8125.0,0.0,-4.0,4.0,-40.0,40.0,-213.0,213.0,-3.0,3.0,-29.0,29.0,-156.0,156.0,3076.0
1,5049.0,8125.0,0.0,0.0,0.0,-36.0,36.0,-207.0,207.0,0.0,0.0,-26.0,26.0,-152.0,152.0,3076.0
1,5042.0,8120.0,0.0,-7.0,7.0,-38.0,38.0,-214.0,214.0,-5.0,5.0,-28.0,28.0,-157.0,157.0,3078.0
1,5038.0,8116.0,0.0,-4.0,4.0,-34.0,34.0,-213.0,213.0,-4.0,4.0,-28.0,28.0,-156.0,156.0,3078.0
1,5033.0,8113.0,0.0,-5.0,5.0,-39.0,39.0,-215.0,215.0,-3.0,3.0,-31.0,31.0,-156.0,156.0,3080.0
1,5028.0,8109.0,0.0,-5.0,5.0,-41.0,41.0,-214.0,214.0,-4.0,4.0,-30.0,30.0,-157.0,157.0,3081.0
1,5023.0,8104.0,0.0,-5.0,5.0,-41.0,41.0,-212.0,212.0,-5.0,5.0,-32.0,32.0,-156.0,156.0,3081.0
1,5023.0,8104.0,0.0,0.0,0.0,-37.0,37.0,-208.0,208.0,0.0,0.0,-28.0,28.0,-151.0,151.0,3081.0
1,5018.0,8101.0,0.0,-5.0,5.0,-35.0,35.0,-213.0,213.0,-3.0,3.0,-27.0,27.0,-154.0,154.0,3083.0
1,5011.0,8098.0,0.0,-7.0,7.0,-38.0,38.0,-214.0,214.0,-3.0,3.0,-27.0,27.0,-154.0,154.0,3087.0
1,5008.0,8093.0,0.0,-3.0,3.0,-41.0,41.0,-214.0,214.0,-5.0,5.0,-32.0,32.0,-157.0,157.0,3085.0
1,5002.0,8089.0,0.0,-6.0,6.0,-40.0,40.0,-213.0,213.0,-4.0,4.0,-31.0,31.0,-157.0,157.0,3087.0
1,4998.0,8086.0,0.0,-4.0,4.0,-40.0,40.0,-211.0,211.0,-3.0,3.0,-30.0,30.0,-157.0,157.0,3088.0
1,4998.0,8086.0,0.0,0.0,0.0,-35.0,35.0,-207.0,207.0,0.0,0.0,-27.0,27.0,-153.0,153.0,3088.0
1,4992.0,8081.0,0.0,-6.0,6.0,-36.0,36.0,-213.0,213.0,-5.0,5.0,-28.0,28.0,-158.0,158.0,3089.0
1,4987.0,8079.0,0.0,-5.0,5.0,-36.0,36.0,-213.0,213.0,-2.0,2.0,-25.0,25.0,-155.0,155.0,3092.0
1,4981.0,8076.0,0.0,-6.0,6.0,-42.0,42.0,-213.0,213.0,-3.0,3.0,-28.0,28.0,-153.0,153.0,3095.0
1,4975.0,8070.0,0.0,-6.0,6.0,-43.0,43.0,-215.0,215.0,-6.0,6.0,-31.0,31.0,-157.0,157.0,3095.0
1,4970.0,8066.0,0.0,-5.0,5.0,-41.0,41.0,-215.0,215.0,-4.0,4.0,-32.0,32.0,-157.0,157.0,3096.0
1,4970.0,8066.0,0.0,0.0,0.0,-38.0,38.0,-208.0,208.0,0.0,0.0,-27.0,27.0,-152.0,152.0,3096.0
1,4965.0,8064.0,0.0,-5.0,5.0,-37.0,37.0,-213.0,213.0,-2.0,2.0,-25.0,25.0,-154.0,154.0,3099.0
1,4962.0,8060.0,0.0,-3.0,3.0,-36.0,36.0,-211.0,211.0,-4.0,4.0,-26.0,26.0,-154.0,154.0,3098.0
1,4956.0,8056.0,0.0,-6.0,6.0,-42.0,42.0,-212.0,212.0,-4.0,4.0,-30.0,30.0,-155.0,155.0,3100.0
1,4950.0,8052.0,0.0,-6.0,6.0,-42.0,42.0,-212.0,212.0,-4.0,4.0,-29.0,29.0,-156.0,156.0,3102.0
1,4946.0,8049.0,0.0,-4.0,4.0,-41.0,41.0,-210.0,210.0,-3.0,3.0,-30.0,30.0,-155.0,155.0,3103.0
1,4946.0,8049.0,0.0,0.0,0.0,-35.0,35.0,-205.0,205.0,0.0,0.0,-27.0,27.0,-152.0,152.0,3103.0
1,4941.0,8044.0,0.0,-5.0,5.0,-34.0,34.0,-210.0,210.0,-5.0,5.0,-26.0,26.0,-157.0,157.0,3103.0
1,4935.0,8041.0,0.0,-6.0,6.0,-35.0,35.0,-212.0,212.0,-3.0,3.0,-25.0,25.0,-155.0,155.0,3106.0
1,4929.0,8036.0,0.0,-6.0,6.0,-41.0,41.0,-213.0,213.0,-5.0,5.0,-30.0,30.0,-156.0,156.0,3107.0
1,4925.0,8033.0,0.0,-4.0,4.0,-40.0,40.0,-213.0,213.0,-3.0,3.0,-31.0,31.0,-155.0,155.0,3108.0
1,4921.0,8030.0,0.0,-4.0,4.0,-41.0,41.0,-210.0,210.0,-3.0,3.0,-30.0,30.0,-155.0,155.0,3109.0
1,4921.0,8030.0,0.0,0.0,0.0,-35.0,35.0,-204.0,204.0,0.0,0.0,-26.0,26.0,-150.0,150.0,3109.0
1,4915.0,8025.0,0.0,-6.0,6.0,-35.0,35.0,-210.0,210.0,-5.0,5.0,-27.0,27.0,-155.0,155.0,3110.0
1,4908.0,8022.0,0.0,-7.0,7.0,-38.0,38.0,-212.0,212.0,-3.0,3.0,-27.0,27.0,-155.0,155.0,3114.0
1,4904.0,8019.0,0.0,-4.0,4.0,-42.0,42.0,-212.0,212.0,-3.0,3.0,-30.0,30.0,-154.0,154.0,3115.0
1,4899.0,8013.0,0.0,-5.0,5.0,-42.0,42.0,-213.0,213.0,-6.0,6.0,-31.0,31.0,-156.0,156.0,3114.0
1,4894.0,8011.0,0.0,-5.0,5.0,-41.0,41.0,-218.0,218.0,-2.0,2.0,-30.0,30.0,-158.0,158.0,3117.0
1,4894.0,8011.0,0.0,0.0,0.0,-35.0,35.0,-206.0,206.0,0.0,0.0,-25.0,25.0,-150.0,150.0,3117.0
1,4889.0,8008.0,0.0,-5.0,5.0,-36.0,36.0,-211.0,211.0,-3.0,3.0,-25.0,25.0,-153.0,153.0,3119.0
1,4885.0,8003.0,0.0,-4.0,4.0,-36.0,36.0,-209.0,209.0,-5.0,5.0,-27.0,27.0,-155.0,155.0,3118.0
1,4880.0,8000.0,0.0,-5.0,5.0,-41.0,41.0,-209.0,209.0,-3.0,3.0,-30.0,30.0,-154.0,154.0,3120.0
1,4873.0,7995.0,0.0,-7.0,7.0,-42.0,42.0,-212.0,212.0,-5.0,5.0,-30.0,30.0,-156.0,156.0,3122.0
1,4869.0,7992.0,0.0,-4.0,4.0,-39.0,39.0,-211.0,211.0,-3.0,3.0,-30.0,30.0,-156.0,156.0,3123.0
1,4869.0,7992.0,0.0,0.0,0.0,-35.0,35.0,-203.0,203.0,0.0,0.0,-27.0,27.0,-152.0,152.0,3123.0
1,4865.0,7989.0,0.0,-4.0,4.0,-34.0,34.0,-207.0,207.0,-3.0,3.0,-24.0,24.0,-155.0,155.0,3124.0
1,4860.0,7986.0,0.0,-5.0,5.0,-34.0,34.0,-209.0,209.0,-3.0,3.0,-25.0,25.0,-153.0,153.0,3126.0
1,4854.0,7980.0,0.0,-6.0,6.0,-40.0,40.0,-210.0,210.0,-6.0,6.0,-31.0,31.0,-156.0,156.0,3126.0
1,4849.0,7977.0,0.0,-5.0,5.0,-40.0,40.0,-211.0,211.0,-3.0,3.0,-31.0,31.0,-155.0,155.0,3128.0
1,4843.0,7975.0,0.0,-6.0,6.0,-42.0,42.0,-210.0,210.0,-2.0,2.0,-28.0,28.0,-153.0,153.0,3132.0
1,4843.0,7975.0,0.0,0.0,0.0,-37.0,37.0,-206.0,206.0,0.0,0.0,-25.0,25.0,-150.0,150.0,3132.0
1,4838.0,7971.0,0.0,-5.0,5.0,-35.0,35.0,-211.0,211.0,-4.0,4.0,-24.0,24.0,-154.0,154.0,3133.0
1,4833.0,7968.0,0.0,-5.0,5.0,-36.0,36.0,-209.0,209.0,-3.0,3.0,-24.0,24.0,-152.0,152.0,3135.0
1,4828.0,7963.0,0.0,-5.0,5.0,-41.0,41.0,-210.0,210.0,-5.0,5.0,-29.0,29.0,-153.0,153.0,3135.0
1,4823.0,7960.0,0.0,-5.0,5.0,-42.0,42.0,-210.0,210.0,-3.0,3.0,-29.0,29.0,-153.0,153.0,3137.0
1,4819.0,7954.0,0.0,-4.0,4.0,-41.0,41.0,-209.0,209.0,-6.0,6.0,-32.0,32.0,-155.0,155.0,3135.0
1,4819.0,7954.0,0.0,0.0,0.0,-35.0,35.0,-204.0,204.0,0.0,0.0,-26.0,26.0,-150.0,150.0,3135.0
1,4813.0,7951.0,0.0,-6.0,6.0,-36.0,36.0,-210.0,210.0,-3.0,3.0,-26.0,26.0,-153.0,153.0,3138.0
1,4809.0,7946.0,0.0,-4.0,4.0,-34.0,34.0,-209.0,209.0,-5.0,5.0,-29.0,29.0,-155.0,155.0,3137.0
1,4802.0,7944.0,0.0,-7.0,7.0,-41.0,41.0,-209.0,209.0,-2.0,2.0,-31.0,31.0,-154.0,154.0,3142.0
1,4799.0,7940.0,0.0,-3.0,3.0,-39.0,39.0,-209.0,209.0,-4.0,4.0,-31.0,31.0,-153.0,153.0,3141.0
1,4794.0,7935.0,0.0,-5.0,5.0,-39.0,39.0,-208.0,208.0,-5.0,5.0,-33.0,33.0,-154.0,154.0,3141.0
1,4794.0,7935.0,0.0,0.0,0.0,-34.0,34.0,-204.0,204.0,0.0,0.0,-28.0,28.0,-151.0,151.0,3141.0
1,4789.0,7933.0,0.0,-5.0,5.0,-34.0,34.0,-209.0,209.0,-2.0,2.0,-27.0,27.0,-153.0,153.0,3144.0
1,4784.0,7929.0,0.0,-5.0,5.0,-35.0,35.0,-208.0,208.0,-4.0,4.0,-25.0,25.0,-152.0,152.0,3145.0
1,4779.0,7924.0,0.0,-5.0,5.0,-40.0,40.0,-208.0,208.0,-5.0,5.0,-30.0,30.0,-155.0,155.0,3145.0
1,4774.0,7922.0,0.0,-5.0,5.0,-39.0,39.0,-207.0,207.0,-2.0,2.0,-29.0,29.0,-154.0,154.0,3148.0
1,4769.0,7917.0,0.0,-5.0,5.0,-40.0,40.0,-206.0,206.0,-5.0,5.0,-29.0,29.0,-153.0,153.0,3148.0
1,4769.0,7917.0,0.0,0.0,0.0,-33.0,33.0,-201.0,201.0,0.0,0.0,-27.0,27.0,-149.0,149.0,3148.0
1,4763.0,7913.0,0.0,-6.0,6.0,-36.0,36.0,-207.0,207.0,-4.0,4.0,-27.0,27.0,-153.0,153.0,3150.0
1,4758.0,7910.0,0.0,-5.0,5.0,-36.0,36.0,-207.0,207.0,-3.0,3.0,-25.0,25.0,-154.0,154.0,3152.0
1,4755.0,7906.0,0.0,-3.0,3.0,-39.0,39.0,-207.0,207.0,-4.0,4.0,-29.0,29.0,-154.0,154.0,3151.0
1,4748.0,7902.0,0.0,-7.0,7.0,-41.0,41.0,-208.0,208.0,-4.0,4.0,-31.0,31.0,-154.0,154.0,3154.0
1,4744.0,7899.0,0.0,-4.0,4.0,-40.0,40.0,-206.0,206.0,-3.0,3.0,-30.0,30.0,-153.0,153.0,3155.0
1,4744.0,7899.0,0.0,0.0,0.0,-35.0,35.0,-202.0,202.0,0.0,0.0,-25.0,25.0,-150.0,150.0,3155.0
1,4737.0,7896.0,0.0,-7.0,7.0,-37.0,37.0,-209.0,209.0,-3.0,3.0,-26.0,26.0,-153.0,153.0,3159.0
1,4735.0,7892.0,0.0,-2.0,2.0,-34.0,34.0,-206.0,206.0,-4.0,4.0,-25.0,25.0,-152.0,152.0,3157.0
1,4728.0,7886.0,0.0,-7.0,7.0,-41.0,41.0,-207.0,207.0,-6.0,6.0,-31.0,31.0,-155.0,155.0,3158.0
1,4724.0,7885.0,0.0,-4.0,4.0,-39.0,39.0,-205.0,205.0,-1.0,1.0,-28.0,28.0,-151.0,151.0,3161.0
1,4719.0,7881.0,0.0,-5.0,5.0,-39.0,39.0,-206.0,206.0,-4.0,4.0,-29.0,29.0,-152.0,152.0,3162.0
1,4719.0,7881.0,0.0,0.0,0.0,-36.0,36.0,-202.0,202.0,0.0,0.0,-25.0,25.0,-149.0,149.0,3162.0
1,4713.0,7878.0,0.0,-6.0,6.0,-35.0,35.0,-208.0,208.0,-3.0,3.0,-24.0,24.0,-152.0,152.0,3165.0
1,4710.0,7872.0,0.0,-3.0,3.0,-34.0,34.0,-205.0,205.0,-6.0,6.0,-27.0,27.0,-153.0,153.0,3162.0
1,4705.0,7869.0,0.0,-5.0,5.0,-39.0,39.0,-203.0,203.0,-3.0,3.0,-30.0,30.0,-153.0,153.0,3164.0
1,4701.0,7864.0,0.0,-4.0,4.0,-36.0,36.0,-203.0,203.0,-5.0,5.0,-32.0,32.0,-155.0,155.0,3163.0
1,4695.0,7861.0,0.0,-6.0,6.0,-40.0,40.0,-204.0,204.0,-3.0,3.0,-31.0,31.0,-152.0,152.0,3166.0
1,4695.0,7861.0,0.0,0.0,0.0,-33.0,33.0,-199.0,199.0,0.0,0.0,-25.0,25.0,-150.0,150.0,3166.0
1,4690.0,7859.0,0.0,-5.0,5.0,-34.0,34.0,-204.0,204.0,-2.0,2.0,-26.0,26.0,-152.0,152.0,3169.0
1,4686.0,7853.0,0.0,-4.0,4.0,-33.0,33.0,-203.0,203.0,-6.0,6.0,-28.0,28.0,-155.0,155.0,3167.0
1,4680.0,7849.0,0.0,-6.0,6.0,-39.0,39.0,-205.0,205.0,-4.0,4.0,-32.0,32.0,-154.0,154.0,3169.0
1,4675.0,7847.0,0.0,-5.0,5.0,-38.0,38.0,-205.0,205.0,-2.0,2.0,-31.0,31.0,-153.0,153.0,3172.0
1,4670.0,7843.0,0.0,-5.0,5.0,-40.0,40.0,-203.0,203.0,-4.0,4.0,-29.0,29.0,-152.0,152.0,3173.0
1,4670.0,7843.0,0.0,0.0,0.0,-35.0,35.0,-199.0,199.0,0.0,0.0,-26.0,26.0,-149.0,149.0,3173.0
1,4666.0,7840.0,0.0,-4.0,4.0,-35.0,35.0,-203.0,203.0,-3.0,3.0,-24.0,24.0,-152.0,152.0,3174.0
1,4661.0,7835.0,0.0,-5.0,5.0,-34.0,34.0,-204.0,204.0,-5.0,5.0,-26.0,26.0,-154.0,154.0,3174.0
1,4657.0,7833.0,0.0,-4.0,4.0,-38.0,38.0,-203.0,203.0,-2.0,2.0,-28.0,28.0,-153.0,153.0,3176.0
1,4651.0,7828.0,0.0,-6.0,6.0,-39.0,39.0,-203.0,203.0,-5.0,5.0,-31.0,31.0,-152.0,152.0,3177.0
1,4646.0,7824.0,0.0,-5.0,5.0,-40.0,40.0,-203.0,203.0,-4.0,4.0,-29.0,29.0,-153.0,153.0,3178.0
1,4646.0,7824.0,0.0,0.0,0.0,-34.0,34.0,-197.0,197.0,0.0,0.0,-25.0,25.0,-151.0,151.0,3178.0
1,4642.0,7819.0,0.0,-4.0,4.0,-33.0,33.0,-201.0,201.0,-5.0,5.0,-28.0,28.0,-156.0,156.0,3177.0
1,4637.0,7818.0,0.0,-5.0,5.0,-33.0,33.0,-201.0,201.0,-1.0,1.0,-25.0,25.0,-153.0,153.0,3181.0
1,4632.0,7814.0,0.0,-5.0,5.0,-38.0,38.0,-201.0,201.0,-4.0,4.0,-29.0,29.0,-154.0,154.0,3182.0
1,4627.0,7811.0,0.0,-5.0,5.0,-39.0,39.0,-201.0,201.0,-3.0,3.0,-29.0,29.0,-152.0,152.0,3184.0
1,4621.0,7806.0,0.0,-6.0,6.0,-40.0,40.0,-202.0,202.0,-5.0,5.0,-29.0,29.0,-154.0,154.0,3185.0
1,4621.0,7806.0,0.0,0.0,0.0,-36.0,36.0,-198.0,198.0,0.0,0.0,-27.0,27.0,-148.0,148.0,3185.0
1,4618.0,7802.0,0.0,-3.0,3.0,-33.0,33.0,-201.0,201.0,-4.0,4.0,-26.0,26.0,-152.0,152.0,3184.0
1,4614.0,7800.0,0.0,-4.0,4.0,-32.0,32.0,-199.0,199.0,-2.0,2.0,-24.0,24.0,-151.0,151.0,3186.0
1,4607.0,7795.0,0.0,-7.0,7.0,-39.0,39.0,-202.0,202.0,-5.0,5.0,-29.0,29.0,-151.0,151.0,3188.0
1,4602.0,7792.0,0.0,-5.0,5.0,-40.0,40.0,-200.0,200.0,-3.0,3.0,-27.0,27.0,-152.0,152.0,3190.0
1,4598.0,7788.0,0.0,-4.0,4.0,-39.0,39.0,-201.0,201.0,-4.0,4.0,-30.0,30.0,-152.0,152.0,3190.0
1,4598.0,7788.0,0.0,0.0,0.0,-34.0,34.0,-196.0,196.0,0.0,0.0,-26.0,26.0,-147.0,147.0,3190.0
1,4598.0,7788.0,0.0,0.0,0.0,-29.0,29.0,-196.0,196.0,0.0,0.0,-23.0,23.0,-147.0,147.0,3190.0
1,4589.0,7780.0,0.0,-9.0,9.0,-32.0,32.0,-200.0,200.0,-8.0,8.0,-26.0,26.0,-153.0,153.0,3191.0
1,4585.0,7776.0,0.0,-4.0,4.0,-36.0,36.0,-199.0,199.0,-4.0,4.0,-30.0,30.0,-153.0,153.0,3191.0
1,4580.0,7774.0,0.0,-5.0,5.0,-38.0,38.0,-199.0,199.0,-2.0,2.0,-28.0,28.0,-150.0,150.0,3194.0
1,4575.0,7770.0,0.0,-5.0,5.0,-39.0,39.0,-199.0,199.0,-4.0,4.0,-30.0,30.0,-152.0,152.0,3195.0
1,4575.0,7770.0,0.0,0.0,0.0,-32.0,32.0,-194.0,194.0,0.0,0.0,-25.0,25.0,-147.0,147.0,3195.0
1,4570.0,7766.0,0.0,-5.0,5.0,-32.0,32.0,-199.0,199.0,-4.0,4.0,-26.0,26.0,-151.0,151.0,3196.0
1,4564.0,7762.0,0.0,-6.0,6.0,-34.0,34.0,-199.0,199.0,-4.0,4.0,-26.0,26.0,-151.0,151.0,3198.0
1,4561.0,7759.0,0.0,-3.0,3.0,-37.0,37.0,-197.0,197.0,-3.0,3.0,-29.0,29.0,-151.0,151.0,3198.0
1,4555.0,7756.0,0.0,-6.0,6.0,-43.0,43.0,-200.0,200.0,-3.0,3.0,-32.0,32.0,-150.0,150.0,3201.0
1,4550.0,7751.0,0.0,-5.0,5.0,-39.0,39.0,-198.0,198.0,-5.0,5.0,-29.0,29.0,-151.0,151.0,3201.0
1,4550.0,7751.0,0.0,0.0,0.0,-35.0,35.0,-194.0,194.0,0.0,0.0,-25.0,25.0,-148.0,148.0,3201.0
1,4546.0,7748.0,0.0,-4.0,4.0,-34.0,34.0,-198.0,198.0,-3.0,3.0,-26.0,26.0,-151.0,151.0,3202.0
1,4542.0,7745.0,0.0,-4.0,4.0,-33.0,33.0,-195.0,195.0,-3.0,3.0,-25.0,25.0,-151.0,151.0,3203.0
1,4537.0,7740.0,0.0,-5.0,5.0,-38.0,38.0,-198.0,198.0,-5.0,5.0,-30.0,30.0,-152.0,152.0,3203.0
1,4532.0,7736.0,0.0,-5.0,5.0,-38.0,38.0,-196.0,196.0,-4.0,4.0,-30.0,30.0,-150.0,150.0,3204.0
1,4527.0,7733.0,0.0,-5.0,5.0,-37.0,37.0,-197.0,197.0,-3.0,3.0,-29.0,29.0,-152.0,152.0,3206.0
1,4527.0,7733.0,0.0,0.0,0.0,-34.0,34.0,-192.0,192.0,0.0,0.0,-26.0,26.0,-148.0,148.0,3206.0
1,4522.0,7730.0,0.0,-5.0,5.0,-33.0,33.0,-197.0,197.0,-3.0,3.0,-26.0,26.0,-151.0,151.0,3208.0
1,4517.0,7726.0,0.0,-5.0,5.0,-33.0,33.0,-196.0,196.0,-4.0,4.0,-25.0,25.0,-152.0,152.0,3209.0
1,4514.0,7722.0,0.0,-3.0,3.0,-36.0,36.0,-196.0,196.0,-4.0,4.0,-29.0,29.0,-150.0,150.0,3208.0
1,4508.0,7718.0,0.0,-6.0,6.0,-38.0,38.0,-197.0,197.0,-4.0,4.0,-30.0,30.0,-151.0,151.0,3210.0
1,4503.0,7715.0,0.0,-5.0,5.0,-39.0,39.0,-198.0,198.0,-3.0,3.0,-30.0,30.0,-149.0,149.0,3212.0
1,4503.0,7715.0,0.0,0.0,0.0,-34.0,34.0,-192.0,192.0,0.0,0.0,-25.0,25.0,-146.0,146.0,3212.0
1,4499.0,7711.0,0.0,-4.0,4.0,-33.0,33.0,-196.0,196.0,-4.0,4.0,-25.0,25.0,-150.0,150.0,3212.0
1,4495.0,7707.0,0.0,-4.0,4.0,-32.0,32.0,-195.0,195.0,-4.0,4.0,-26.0,26.0,-152.0,152.0,3212.0
1,4491.0,7704.0,0.0,-4.0,4.0,-36.0,36.0,-195.0,195.0,-3.0,3.0,-29.0,29.0,-149.0,149.0,3213.0
1,4484.0,7701.0,0.0,-7.0,7.0,-38.0,38.0,-196.0,196.0,-3.0,3.0,-29.0,29.0,-148.0,148.0,3217.0
1,4481.0,7696.0,0.0,-3.0,3.0,-36.0,36.0,-194.0,194.0,-5.0,5.0,-30.0,30.0,-151.0,151.0,3215.0
1,4481.0,7696.0,0.0,0.0,0.0,-33.0,33.0,-189.0,189.0,0.0,0.0,-26.0,26.0,-147.0,147.0,3215.0
1,4476.0,7693.0,0.0,-5.0,5.0,-32.0,32.0,-194.0,194.0,-3.0,3.0,-25.0,25.0,-150.0,150.0,3217.0
1,4471.0,7690.0,0.0,-5.0,5.0,-32.0,32.0,-195.0,195.0,-3.0,3.0,-25.0,25.0,-150.0,150.0,3219.0
1,4466.0,7686.0,0.0,-5.0,5.0,-37.0,37.0,-195.0,195.0,-4.0,4.0,-29.0,29.0,-149.0,149.0,3220.0
1,4462.0,7681.0,0.0,-4.0,4.0,-37.0,37.0,-195.0,195.0,-5.0,5.0,-30.0,30.0,-152.0,152.0,3219.0
1,4458.0,7677.0,0.0,-4.0,4.0,-37.0,37.0,-193.0,193.0,-4.0,4.0,-30.0,30.0,-151.0,151.0,3219.0
1,4458.0,7677.0,0.0,0.0,0.0,-33.0,33.0,-188.0,188.0,0.0,0.0,-27.0,27.0,-147.0,147.0,3219.0
1,4452.0,7675.0,0.0,-6.0,6.0,-32.0,32.0,-194.0,194.0,-2.0,2.0,-26.0,26.0,-149.0,149.0,3223.0
1,4449.0,7672.0,0.0,-3.0,3.0,-32.0,32.0,-193.0,193.0,-3.0,3.0,-24.0,24.0,-147.0,147.0,3223.0
1,4444.0,7667.0,0.0,-5.0,5.0,-37.0,37.0,-193.0,193.0,-5.0,5.0,-29.0,29.0,-151.0,151.0,3223.0
1,4439.0,7663.0,0.0,-5.0,5.0,-37.0,37.0,-193.0,193.0,-4.0,4.0,-30.0,30.0,-151.0,151.0,3224.0
1,4437.0,7662.0,0.0,-2.0,2.0,-34.0,34.0,-190.0,190.0,-1.0,1.0,-28.0,28.0,-149.0,149.0,3225.0
1,4437.0,7662.0,0.0,0.0,0.0,-29.0,29.0,-184.0,184.0,0.0,0.0,-24.0,24.0,-144.0,144.0,3225.0
1,4431.0,7658.0,0.0,-6.0,6.0,-31.0,31.0,-190.0,190.0,-4.0,4.0,-23.0,23.0,-148.0,148.0,3227.0
1,4424.0,7653.0,0.0,-7.0,7.0,-34.0,34.0,-194.0,194.0,-5.0,5.0,-24.0,24.0,-149.0,149.0,3229.0
1,4421.0,7649.0,0.0,-3.0,3.0,-37.0,37.0,-193.0,193.0,-4.0,4.0,-28.0,28.0,-151.0,151.0,3228.0
1,4416.0,7646.0,0.0,-5.0,5.0,-36.0,36.0,-191.0,191.0,-3.0,3.0,-29.0,29.0,-149.0,149.0,3230.0
1,4412.0,7641.0,0.0,-4.0,4.0,-37.0,37.0,-190.0,190.0,-5.0,5.0,-31.0,31.0,-151.0,151.0,3229.0
1,4412.0,7641.0,0.0,0.0,0.0,-32.0,32.0,-186.0,186.0,0.0,0.0,-26.0,26.0,-147.0,147.0,3229.0
1,4408.0,7637.0,0.0,-4.0,4.0,-31.0,31.0,-190.0,190.0,-4.0,4.0,-26.0,26.0,-151.0,151.0,3229.0
1,4403.0,7635.0,0.0,-5.0,5.0,-34.0,34.0,-195.0,195.0,-2.0,2.0,-27.0,27.0,-153.0,153.0,3232.0
1,4399.0,7630.0,0.0,-4.0,4.0,-38.0,38.0,-190.0,190.0,-5.0,5.0,-32.0,32.0,-150.0,150.0,3231.0
1,4394.0,7627.0,0.0,-5.0,5.0,-37.0,37.0,-191.0,191.0,-3.0,3.0,-31.0,31.0,-149.0,149.0,3233.0
1,4389.0,7624.0,0.0,-5.0,5.0,-35.0,35.0,-191.0,191.0,-3.0,3.0,-29.0,29.0,-150.0,150.0,3235.0
1,4389.0,7624.0,0.0,0.0,0.0,-32.0,32.0,-186.0,186.0,0.0,0.0,-25.0,25.0,-146.0,146.0,3235.0
1,4384.0,7620.0,0.0,-5.0,5.0,-32.0,32.0,-191.0,191.0,-4.0,4.0,-26.0,26.0,-150.0,150.0,3236.0
1,4381.0,7617.0,0.0,-3.0,3.0,-31.0,31.0,-189.0,189.0,-3.0,3.0,-24.0,24.0,-149.0,149.0,3236.0
1,4376.0,7613.0,0.0,-5.0,5.0,-36.0,36.0,-188.0,188.0,-4.0,4.0,-28.0,28.0,-149.0,149.0,3237.0
1,4372.0,7609.0,0.0,-4.0,4.0,-36.0,36.0,-189.0,189.0,-4.0,4.0,-28.0,28.0,-150.0,150.0,3237.0
1,4367.0,7605.0,0.0,-5.0,5.0,-36.0,36.0,-188.0,188.0,-4.0,4.0,-30.0,30.0,-151.0,151.0,3238.0
1,4367.0,7605.0,0.0,0.0,0.0,-32.0,32.0,-183.0,183.0,0.0,0.0,-25.0,25.0,-146.0,146.0,3238.0
1,4362.0,7603.0,0.0,-5.0,5.0,-32.0,32.0,-188.0,188.0,-2.0,2.0,-24.0,24.0,-148.0,148.0,3241.0
1,4358.0,7598.0,0.0,-4.0,4.0,-31.0,31.0,-188.0,188.0,-5.0,5.0,-26.0,26.0,-150.0,150.0,3240.0
1,4352.0,7594.0,0.0,-6.0,6.0,-37.0,37.0,-190.0,190.0,-4.0,4.0,-30.0,30.0,-151.0,151.0,3242.0
1,4350.0,7591.0,0.0,-2.0,2.0,-34.0,34.0,-187.0,187.0,-3.0,3.0,-29.0,29.0,-149.0,149.0,3241.0
1,4343.0,7588.0,0.0,-7.0,7.0,-38.0,38.0,-189.0,189.0,-3.0,3.0,-29.0,29.0,-148.0,148.0,3245.0
1,4343.0,7588.0,0.0,0.0,0.0,-33.0,33.0,-184.0,184.0,0.0,0.0,-25.0,25.0,-145.0,145.0,3245.0
1,4339.0,7584.0,0.0,-4.0,4.0,-33.0,33.0,-188.0,188.0,-4.0,4.0,-25.0,25.0,-149.0,149.0,3245.0
1,4337.0,7581.0,0.0,-2.0,2.0,-30.0,30.0,-185.0,185.0,-3.0,3.0,-24.0,24.0,-149.0,149.0,3244.0
1,4332.0,7576.0,0.0,-5.0,5.0,-35.0,35.0,-185.0,185.0,-5.0,5.0,-29.0,29.0,-150.0,150.0,3244.0
1,4328.0,7574.0,0.0,-4.0,4.0,-34.0,34.0,-186.0,186.0,-2.0,2.0,-29.0,29.0,-148.0,148.0,3246.0
1,4322.0,7569.0,0.0,-6.0,6.0,-36.0,36.0,-186.0,186.0,-5.0,5.0,-29.0,29.0,-149.0,149.0,3247.0
1,4322.0,7569.0,0.0,0.0,0.0,-30.0,30.0,-181.0,181.0,0.0,0.0,-25.0,25.0,-146.0,146.0,3247.0
1,4319.0,7565.0,0.0,-3.0,3.0,-31.0,31.0,-184.0,184.0,-4.0,4.0,-26.0,26.0,-150.0,150.0,3246.0
1,4312.0,7561.0,0.0,-7.0,7.0,-31.0,31.0,-187.0,187.0,-4.0,4.0,-27.0,27.0,-150.0,150.0,3249.0
1,4309.0,7559.0,0.0,-3.0,3.0,-34.0,34.0,-186.0,186.0,-2.0,2.0,-29.0,29.0,-148.0,148.0,3250.0
1,4305.0,7555.0,0.0,-4.0,4.0,-34.0,34.0,-186.0,186.0,-4.0,4.0,-29.0,29.0,-149.0,149.0,3250.0
1,4300.0,7551.0,0.0,-5.0,5.0,-37.0,37.0,-184.0,184.0,-4.0,4.0,-30.0,30.0,-150.0,150.0,3251.0
1,4300.0,7551.0,0.0,0.0,0.0,-32.0,32.0,-181.0,181.0,0.0,0.0,-25.0,25.0,-145.0,145.0,3251.0
1,4296.0,7548.0,0.0,-4.0,4.0,-32.0,32.0,-185.0,185.0,-3.0,3.0,-26.0,26.0,-148.0,148.0,3252.0
1,4292.0,7544.0,0.0,-4.0,4.0,-30.0,30.0,-184.0,184.0,-4.0,4.0,-25.0,25.0,-149.0,149.0,3252.0
1,4287.0,7541.0,0.0,-5.0,5.0,-35.0,35.0,-184.0,184.0,-3.0,3.0,-28.0,28.0,-149.0,149.0,3254.0
1,4283.0,7538.0,0.0,-4.0,4.0,-36.0,36.0,-183.0,183.0,-3.0,3.0,-27.0,27.0,-148.0,148.0,3255.0
1,4277.0,7534.0,0.0,-6.0,6.0,-35.0,35.0,-185.0,185.0,-4.0,4.0,-27.0,27.0,-147.0,147.0,3257.0
1,4277.0,7534.0,0.0,0.0,0.0,-32.0,32.0,-181.0,181.0,0.0,0.0,-25.0,25.0,-143.0,143.0,3257.0
1,4273.0,7530.0,0.0,-4.0,4.0,-32.0,32.0,-185.0,185.0,-4.0,4.0,-25.0,25.0,-147.0,147.0,3257.0
1,4270.0,7527.0,0.0,-3.0,3.0,-30.0,30.0,-182.0,182.0,-3.0,3.0,-24.0,24.0,-148.0,148.0,3257.0
1,4265.0,7522.0,0.0,-5.0,5.0,-35.0,35.0,-184.0,184.0,-5.0,5.0,-29.0,29.0,-150.0,150.0,3257.0
1,4260.0,7522.0,0.0,-5.0,5.0,-36.0,36.0,-184.0,184.0,0.0,0.0,-26.0,26.0,-145.0,145.0,3262.0
1,4256.0,7515.0,0.0,-4.0,4.0,-36.0,36.0,-183.0,183.0,-7.0,7.0,-29.0,29.0,-148.0,148.0,3259.0
1,4256.0,7515.0,0.0,0.0,0.0,-31.0,31.0,-181.0,181.0,0.0,0.0,-26.0,26.0,-147.0,147.0,3259.0
1,4253.0,7513.0,0.0,-3.0,3.0,-30.0,30.0,-184.0,184.0,-2.0,2.0,-25.0,25.0,-149.0,149.0,3260.0
1,4249.0,7508.0,0.0,-4.0,4.0,-28.0,28.0,-182.0,182.0,-5.0,5.0,-26.0,26.0,-150.0,150.0,3259.0
1,4245.0,7505.0,0.0,-4.0,4.0,-32.0,32.0,-179.0,179.0,-3.0,3.0,-29.0,29.0,-148.0,148.0,3260.0
1,4239.0,7502.0,0.0,-6.0,6.0,-34.0,34.0,-182.0,182.0,-3.0,3.0,-28.0,28.0,-147.0,147.0,3263.0
1,4235.0,7498.0,0.0,-4.0,4.0,-35.0,35.0,-181.0,181.0,-4.0,4.0,-29.0,29.0,-148.0,148.0,3263.0
1,4235.0,7498.0,0.0,0.0,0.0,-30.0,30.0,-177.0,177.0,0.0,0.0,-24.0,24.0,-143.0,143.0,3263.0
1,4231.0,7495.0,0.0,-4.0,4.0,-29.0,29.0,-181.0,181.0,-3.0,3.0,-27.0,27.0,-146.0,146.0,3264.0
1,4227.0,7491.0,0.0,-4.0,4.0,-29.0,29.0,-181.0,181.0,-4.0,4.0,-24.0,24.0,-146.0,146.0,3264.0
1,4221.0,7487.0,0.0,-6.0,6.0,-35.0,35.0,-182.0,182.0,-4.0,4.0,-28.0,28.0,-148.0,148.0,3266.0
1,4219.0,7484.0,0.0,-2.0,2.0,-34.0,34.0,-180.0,180.0,-3.0,3.0,-29.0,29.0,-146.0,146.0,3265.0
1,4214.0,7480.0,0.0,-5.0,5.0,-35.0,35.0,-180.0,180.0,-4.0,4.0,-28.0,28.0,-147.0,147.0,3266.0
1,4214.0,7480.0,0.0,0.0,0.0,-31.0,31.0,-175.0,175.0,0.0,0.0,-25.0,25.0,-144.0,144.0,3266.0
1,4209.0,7476.0,0.0,-5.0,5.0,-30.0,30.0,-180.0,180.0,-4.0,4.0,-26.0,26.0,-148.0,148.0,3267.0
1,4207.0,7473.0,0.0,-2.0,2.0,-28.0,28.0,-177.0,177.0,-3.0,3.0,-25.0,25.0,-147.0,147.0,3266.0
1,4201.0,7470.0,0.0,-6.0,6.0,-34.0,34.0,-180.0,180.0,-3.0,3.0,-28.0,28.0,-147.0,147.0,3269.0
1,4197.0,7465.0,0.0,-4.0,4.0,-34.0,34.0,-179.0,179.0,-5.0,5.0,-30.0,30.0,-148.0,148.0,3268.0
1,4194.0,7463.0,0.0,-3.0,3.0,-33.0,33.0,-178.0,178.0,-2.0,2.0,-28.0,28.0,-146.0,146.0,3269.0
1,4194.0,7463.0,0.0,0.0,0.0,-27.0,27.0,-173.0,173.0,0.0,0.0,-24.0,24.0,-142.0,142.0,3269.0
1,4189.0,7458.0,0.0,-5.0,5.0,-30.0,30.0,-178.0,178.0,-5.0,5.0,-26.0,26.0,-147.0,147.0,3269.0
1,4185.0,7455.0,0.0,-4.0,4.0,-29.0,29.0,-177.0,177.0,-3.0,3.0,-25.0,25.0,-148.0,148.0,3270.0
1,4182.0,7451.0,0.0,-3.0,3.0,-32.0,32.0,-176.0,176.0,-4.0,4.0,-29.0,29.0,-147.0,147.0,3269.0
1,4178.0,7448.0,0.0,-4.0,4.0,-31.0,31.0,-174.0,174.0,-3.0,3.0,-28.0,28.0,-146.0,146.0,3270.0
1,4172.0,7444.0,0.0,-6.0,6.0,-35.0,35.0,-178.0,178.0,-4.0,4.0,-29.0,29.0,-147.0,147.0,3272.0
1,4172.0,7444.0,0.0,0.0,0.0,-29.0,29.0,-171.0,171.0,0.0,0.0,-26.0,26.0,-144.0,144.0,3272.0
1,4169.0,7442.0,0.0,-3.0,3.0,-28.0,28.0,-174.0,174.0,-2.0,2.0,-23.0,23.0,-146.0,146.0,3273.0
1,4163.0,7437.0,0.0,-6.0,6.0,-31.0,31.0,-176.0,176.0,-5.0,5.0,-26.0,26.0,-147.0,147.0,3274.0
1,4159.0,7435.0,0.0,-4.0,4.0,-35.0,35.0,-178.0,178.0,-2.0,2.0,-28.0,28.0,-146.0,146.0,3276.0
1,4157.0,7430.0,0.0,-2.0,2.0,-32.0,32.0,-175.0,175.0,-5.0,5.0,-28.0,28.0,-146.0,146.0,3273.0
1,4151.0,7427.0,0.0,-6.0,6.0,-34.0,34.0,-177.0,177.0,-3.0,3.0,-28.0,28.0,-147.0,147.0,3276.0
1,4151.0,7427.0,0.0,0.0,0.0,-31.0,31.0,-171.0,171.0,0.0,0.0,-24.0,24.0,-142.0,142.0,3276.0
1,4147.0,7424.0,0.0,-4.0,4.0,-31.0,31.0,-175.0,175.0,-3.0,3.0,-24.0,24.0,-145.0,145.0,3277.0
1,4144.0,7420.0,0.0,-3.0,3.0,-28.0,28.0,-175.0,175.0,-4.0,4.0,-24.0,24.0,-145.0,145.0,3276.0
1,4144.0,7420.0,0.0,0.0,0.0,-28.0,28.0,-168.0,168.0,0.0,0.0,-24.0,24.0,-141.0,141.0,3276.0
1,4136.0,7414.0,0.0,-8.0,8.0,-33.0,33.0,-173.0,173.0,-6.0,6.0,-28.0,28.0,-145.0,145.0,3278.0
1,4132.0,7408.0,0.0,-4.0,4.0,-31.0,31.0,-173.0,173.0,-6.0,6.0,-29.0,29.0,-147.0,147.0,3276.0
1,4132.0,7408.0,0.0,0.0,0.0,-27.0,27.0,-168.0,168.0,0.0,0.0,-27.0,27.0,-143.0,143.0,3276.0
1,4127.0,7405.0,0.0,-5.0,5.0,-30.0,30.0,-173.0,173.0,-3.0,3.0,-25.0,25.0,-146.0,146.0,3278.0
1,4123.0,7402.0,0.0,-4.0,4.0,-28.0,28.0,-173.0,173.0,-3.0,3.0,-25.0,25.0,-146.0,146.0,3279.0
1,4119.0,7399.0,0.0,-4.0,4.0,-32.0,32.0,-173.0,173.0,-3.0,3.0,-28.0,28.0,-145.0,145.0,3280.0
1,4115.0,7397.0,0.0,-4.0,4.0,-32.0,32.0,-172.0,172.0,-2.0,2.0,-27.0,27.0,-144.0,144.0,3282.0
1,4111.0,7392.0,0.0,-4.0,4.0,-33.0,33.0,-172.0,172.0,-5.0,5.0,-28.0,28.0,-146.0,146.0,3281.0
1,4111.0,7392.0,0.0,0.0,0.0,-33.0,33.0,-166.0,166.0,0.0,0.0,-28.0,28.0,-142.0,142.0,3281.0
1,4107.0,7388.0,0.0,-4.0,4.0,-29.0,29.0,-170.0,170.0,-4.0,4.0,-26.0,26.0,-146.0,146.0,3281.0
1,4103.0,7385.0,0.0,-4.0,4.0,-29.0,29.0,-170.0,170.0,-3.0,3.0,-23.0,23.0,-145.0,145.0,3282.0
1,4100.0,7381.0,0.0,-3.0,3.0,-32.0,32.0,-170.0,170.0,-4.0,4.0,-27.0,27.0,-146.0,146.0,3281.0
1,4095.0,7377.0,0.0,-5.0,5.0,-32.0,32.0,-170.0,170.0,-4.0,4.0,-28.0,28.0,-145.0,145.0,3282.0
1,4092.0,7373.0,0.0,-3.0,3.0,-31.0,31.0,-168.0,168.0,-4.0,4.0,-29.0,29.0,-149.0,149.0,3281.0
1,4092.0,7373.0,0.0,0.0,0.0,-27.0,27.0,-164.0,164.0,0.0,0.0,-26.0,26.0,-142.0,142.0,3281.0
1,4087.0,7370.0,0.0,-5.0,5.0,-28.0,28.0,-169.0,169.0,-3.0,3.0,-27.0,27.0,-145.0,145.0,3283.0
1,4084.0,7368.0,0.0,-3.0,3.0,-27.0,27.0,-169.0,169.0,-2.0,2.0,-24.0,24.0,-145.0,145.0,3284.0
1,4080.0,7364.0,0.0,-4.0,4.0,-31.0,31.0,-169.0,169.0,-4.0,4.0,-28.0,28.0,-144.0,144.0,3284.0
1,4077.0,7359.0,0.0,-3.0,3.0,-30.0,30.0,-168.0,168.0,-5.0,5.0,-29.0,29.0,-146.0,146.0,3282.0
1,4072.0,7358.0,0.0,-5.0,5.0,-31.0,31.0,-167.0,167.0,-1.0,1.0,-27.0,27.0,-144.0,144.0,3286.0
1,4072.0,7358.0,0.0,0.0,0.0,-28.0,28.0,-163.0,163.0,0.0,0.0,-23.0,23.0,-140.0,140.0,3286.0
1,4069.0,7353.0,0.0,-3.0,3.0,-26.0,26.0,-166.0,166.0,-5.0,5.0,-24.0,24.0,-145.0,145.0,3284.0
1,4065.0,7350.0,0.0,-4.0,4.0,-27.0,27.0,-166.0,166.0,-3.0,3.0,-23.0,23.0,-145.0,145.0,3285.0
1,4061.0,7346.0,0.0,-4.0,4.0,-31.0,31.0,-166.0,166.0,-4.0,4.0,-27.0,27.0,-145.0,145.0,3285.0
1,4058.0,7343.0,0.0,-3.0,3.0,-29.0,29.0,-163.0,163.0,-3.0,3.0,-27.0,27.0,-144.0,144.0,3285.0
1,4053.0,7339.0,0.0,-5.0,5.0,-31.0,31.0,-166.0,166.0,-4.0,4.0,-29.0,29.0,-145.0,145.0,3286.0
1,4053.0,7339.0,0.0,0.0,0.0,-27.0,27.0,-161.0,161.0,0.0,0.0,-25.0,25.0,-141.0,141.0,3286.0
1,4049.0,7336.0,0.0,-4.0,4.0,-28.0,28.0,-165.0,165.0,-3.0,3.0,-23.0,23.0,-144.0,144.0,3287.0
1,4045.0,7331.0,0.0,-4.0,4.0,-27.0,27.0,-164.0,164.0,-5.0,5.0,-27.0,27.0,-145.0,145.0,3286.0
1,4043.0,7330.0,0.0,-2.0,2.0,-29.0,29.0,-164.0,164.0,-1.0,1.0,-28.0,28.0,-143.0,143.0,3287.0
1,4037.0,7326.0,0.0,-6.0,6.0,-32.0,32.0,-164.0,164.0,-4.0,4.0,-27.0,27.0,-144.0,144.0,3289.0
1,4035.0,7322.0,0.0,-2.0,2.0,-30.0,30.0,-162.0,162.0,-4.0,4.0,-28.0,28.0,-143.0,143.0,3287.0
1,4035.0,7322.0,0.0,0.0,0.0,-26.0,26.0,-159.0,159.0,0.0,0.0,-24.0,24.0,-141.0,141.0,3287.0
1,4032.0,7319.0,0.0,-3.0,3.0,-26.0,26.0,-162.0,162.0,-3.0,3.0,-24.0,24.0,-144.0,144.0,3287.0
1,4028.0,7316.0,0.0,-4.0,4.0,-25.0,25.0,-161.0,161.0,-3.0,3.0,-23.0,23.0,-142.0,142.0,3288.0
1,4024.0,7312.0,0.0,-4.0,4.0,-29.0,29.0,-161.0,161.0,-4.0,4.0,-27.0,27.0,-143.0,143.0,3288.0
1,4021.0,7307.0,0.0,-3.0,3.0,-28.0,28.0,-161.0,161.0,-5.0,5.0,-29.0,29.0,-144.0,144.0,3286.0
1,4015.0,7304.0,0.0,-6.0,6.0,-30.0,30.0,-163.0,163.0,-3.0,3.0,-27.0,27.0,-144.0,144.0,3289.0
1,4015.0,7304.0,0.0,0.0,0.0,-28.0,28.0,-157.0,157.0,0.0,0.0,-26.0,26.0,-140.0,140.0,3289.0
1,4013.0,7301.0,0.0,-2.0,2.0,-24.0,24.0,-159.0,159.0,-3.0,3.0,-25.0,25.0,-143.0,143.0,3288.0
1,4009.0,7298.0,0.0,-4.0,4.0,-26.0,26.0,-160.0,160.0,-3.0,3.0,-24.0,24.0,-144.0,144.0,3289.0
1,4005.0,7293.0,0.0,-4.0,4.0,-30.0,30.0,-158.0,158.0,-5.0,5.0,-29.0,29.0,-144.0,144.0,3288.0
1,4001.0,7291.0,0.0,-4.0,4.0,-31.0,31.0,-158.0,158.0,-2.0,2.0,-28.0,28.0,-144.0,144.0,3290.0
1,3998.0,7287.0,0.0,-3.0,3.0,-30.0,30.0,-159.0,159.0,-4.0,4.0,-29.0,29.0,-143.0,143.0,3289.0
1,3998.0,7287.0,0.0,0.0,0.0,-26.0,26.0,-153.0,153.0,0.0,0.0,-25.0,25.0,-140.0,140.0,3289.0
1,3994.0,7284.0,0.0,-4.0,4.0,-27.0,27.0,-157.0,157.0,-3.0,3.0,-23.0,23.0,-143.0,143.0,3290.0
1,3991.0,7280.0,0.0,-3.0,3.0,-24.0,24.0,-156.0,156.0,-4.0,4.0,-24.0,24.0,-144.0,144.0,3289.0
1,3993.0,7277.0,0.0,2.0,2.0,-22.0,22.0,-151.0,151.0,-3.0,3.0,-27.0,27.0,-143.0,143.0,3284.0
1,3995.0,7274.0,0.0,2.0,2.0,-18.0,18.0,-149.0,149.0,-3.0,3.0,-27.0,27.0,-146.0,146.0,3279.0
1,4000.0,7270.0,0.0,5.0,5.0,-9.0,9.0,-136.0,136.0,-4.0,4.0,-28.0,28.0,-144.0,144.0,3270.0
1,4000.0,7270.0,0.0,0.0,0.0,-5.0,5.0,-132.0,132.0,0.0,0.0,-23.0,23.0,-138.0,138.0,3270.0
1,4003.0,7268.0,0.0,3.0,3.0,2.0,2.0,-129.0,129.0,-2.0,2.0,-23.0,23.0,-140.0,140.0,3265.0
1,4004.0,7263.0,0.0,1.0,1.0,6.0,6.0,-123.0,123.0,-5.0,5.0,-24.0,24.0,-142.0,142.0,3259.0
1,4007.0,7259.0,0.0,3.0,3.0,9.0,9.0,-116.0,116.0,-4.0,4.0,-28.0,28.0,-143.0,143.0,3252.0
1,4010.0,7256.0,0.0,3.0,3.0,16.0,16.0,-109.0,109.0,-3.0,3.0,-28.0,28.0,-143.0,143.0,3246.0
1,4009.0,7254.0,0.0,-1.0,1.0,18.0,18.0,-106.0,106.0,-2.0,2.0,-26.0,26.0,-143.0,143.0,3245.0
1,4009.0,7254.0,0.0,0.0,0.0,16.0,16.0,-102.0,102.0,0.0,0.0,-23.0,23.0,-138.0,138.0,3245.0
1,4004.0,7250.0,0.0,-5.0,5.0,9.0,9.0,-107.0,107.0,-4.0,4.0,-24.0,24.0,-142.0,142.0,3246.0
1,3997.0,7246.0,0.0,-7.0,7.0,-3.0,3.0,-110.0,110.0,-4.0,4.0,-24.0,24.0,-142.0,142.0,3249.0
1,3991.0,7243.0,0.0,-6.0,6.0,-9.0,9.0,-112.0,112.0,-3.0,3.0,-27.0,27.0,-142.0,142.0,3252.0
1,3988.0,7240.0,0.0,-3.0,3.0,-15.0,15.0,-112.0,112.0,-3.0,3.0,-28.0,28.0,-141.0,141.0,3252.0
1,3989.0,7236.0,0.0,1.0,1.0,-15.0,15.0,-106.0,106.0,-4.0,4.0,-27.0,27.0,-141.0,141.0,3247.0
1,3989.0,7236.0,0.0,0.0,0.0,-18.0,18.0,-103.0,103.0,0.0,0.0,-23.0,23.0,-137.0,137.0,3247.0
1,3993.0,7233.0,0.0,4.0,4.0,-17.0,17.0,-99.0,99.0,-3.0,3.0,-23.0,23.0,-140.0,140.0,3240.0
1,3994.0,7230.0,0.0,1.0,1.0,-15.0,15.0,-93.0,93.0,-3.0,3.0,-24.0,24.0,-140.0,140.0,3236.0
1,3999.0,7227.0,0.0,5.0,5.0,-10.0,10.0,-85.0,85.0,-3.0,3.0,-27.0,27.0,-141.0,141.0,3228.0
1,3999.0,7224.0,0.0,0.0,0.0,-5.0,5.0,-81.0,81.0,-3.0,3.0,-26.0,26.0,-140.0,140.0,3225.0
1,4002.0,7219.0,0.0,3.0,3.0,5.0,5.0,-75.0,75.0,-5.0,5.0,-27.0,27.0,-140.0,140.0,3217.0
1,4002.0,7219.0,0.0,0.0,0.0,11.0,11.0,-70.0,70.0,0.0,0.0,-24.0,24.0,-139.0,139.0,3217.0
1,4004.0,7216.0,0.0,2.0,2.0,16.0,16.0,-68.0,68.0,-3.0,3.0,-24.0,24.0,-142.0,142.0,3212.0
1,4008.0,7213.0,0.0,4.0,4.0,19.0,19.0,-61.0,61.0,-3.0,3.0,-23.0,23.0,-140.0,140.0,3205.0
1,4009.0,7210.0,0.0,1.0,1.0,20.0,20.0,-56.0,56.0,-3.0,3.0,-26.0,26.0,-140.0,140.0,3201.0
1,4013.0,7206.0,0.0,4.0,4.0,20.0,20.0,-48.0,48.0,-4.0,4.0,-27.0,27.0,-140.0,140.0,3193.0
1,4008.0,7203.0,0.0,-5.0,5.0,14.0,14.0,-50.0,50.0,-3.0,3.0,-27.0,27.0,-140.0,140.0,3195.0
1,4008.0,7203.0,0.0,0.0,0.0,9.0,9.0,-45.0,45.0,0.0,0.0,-24.0,24.0,-136.0,136.0,3195.0
1,4003.0,7198.0,0.0,-5.0,5.0,4.0,4.0,-50.0,50.0,-5.0,5.0,-26.0,26.0,-141.0,141.0,3195.0
1,3995.0,7196.0,0.0,-8.0,8.0,-7.0,7.0,-54.0,54.0,-2.0,2.0,-23.0,23.0,-140.0,140.0,3201.0
1,3988.0,7193.0,0.0,-7.0,7.0,-14.0,14.0,-57.0,57.0,-3.0,3.0,-26.0,26.0,-138.0,138.0,3205.0
1,3982.0,7191.0,0.0,-6.0,6.0,-22.0,22.0,-61.0,61.0,-2.0,2.0,-25.0,25.0,-139.0,139.0,3209.0
1,3982.0,7185.0,0.0,0.0,0.0,-26.0,26.0,-55.0,55.0,-6.0,6.0,-28.0,28.0,-141.0,141.0,3203.0
1,3982.0,7185.0,0.0,0.0,0.0,-27.0,27.0,-53.0,53.0,0.0,0.0,-25.0,25.0,-137.0,137.0,3203.0
1,3985.0,7183.0,0.0,3.0,3.0,-28.0,28.0,-50.0,50.0,-2.0,2.0,-23.0,23.0,-139.0,139.0,3198.0
1,3987.0,7180.0,0.0,2.0,2.0,-21.0,21.0,-45.0,45.0,-3.0,3.0,-23.0,23.0,-139.0,139.0,3193.0
1,3991.0,7176.0,0.0,4.0,4.0,-17.0,17.0,-37.0,37.0,-4.0,4.0,-27.0,27.0,-140.0,140.0,3185.0
1,3995.0,7173.0,0.0,4.0,4.0,-8.0,8.0,-29.0,29.0,-3.0,3.0,-25.0,25.0,-139.0,139.0,3178.0
1,3996.0,7170.0,0.0,1.0,1.0,1.0,1.0,-25.0,25.0,-3.0,3.0,-26.0,26.0,-137.0,137.0,3174.0
1,3996.0,7170.0,0.0,0.0,0.0,8.0,8.0,-19.0,19.0,0.0,0.0,-23.0,23.0,-134.0,134.0,3174.0
1,4001.0,7167.0,0.0,5.0,5.0,19.0,19.0,-14.0,14.0,-3.0,3.0,-24.0,24.0,-137.0,137.0,3166.0
1,4001.0,7162.0,0.0,0.0,0.0,19.0,19.0,-12.0,12.0,-5.0,5.0,-23.0,23.0,-139.0,139.0,3161.0
1,4003.0,7160.0,0.0,2.0,2.0,21.0,21.0,-6.0,6.0,-2.0,2.0,-25.0,25.0,-138.0,138.0,3157.0
1,4007.0,7156.0,0.0,4.0,4.0,22.0,22.0,2.0,2.0,-4.0,4.0,-27.0,27.0,-137.0,137.0,3149.0
1,4006.0,7152.0,0.0,-1.0,1.0,19.0,19.0,5.0,5.0,-4.0,4.0,-28.0,28.0,-139.0,139.0,3146.0
1,4006.0,7152.0,0.0,0.0,0.0,15.0,15.0,8.0,8.0,0.0,0.0,-24.0,24.0,-135.0,135.0,3146.0
1,4001.0,7150.0,0.0,-5.0,5.0,6.0,6.0,3.0,3.0,-2.0,2.0,-23.0,23.0,-137.0,137.0,3149.0
1,3992.0,7147.0,0.0,-9.0,9.0,-4.0,4.0,-2.0,2.0,-3.0,3.0,-23.0,23.0,-137.0,137.0,3155.0
1,3985.0,7143.0,0.0,-7.0,7.0,-11.0,11.0,-6.0,6.0,-4.0,4.0,-27.0,27.0,-137.0,137.0,3158.0
1,3978.0,7140.0,0.0,-7.0,7.0,-23.0,23.0,-15.0,15.0,-3.0,3.0,-27.0,27.0,-137.0,137.0,3162.0
1,3977.0,7138.0,0.0,-1.0,1.0,-24.0,24.0,-18.0,18.0,-2.0,2.0,-24.0,24.0,-136.0,136.0,3161.0
1,3977.0,7138.0,0.0,0.0,0.0,-26.0,26.0,-23.0,23.0,0.0,0.0,-22.0,22.0,-132.0,132.0,3161.0
1,3981.0,7134.0,0.0,4.0,4.0,-26.0,26.0,-19.0,19.0,-4.0,4.0,-22.0,22.0,-136.0,136.0,3153.0
1,3983.0,7133.0,0.0,2.0,2.0,-23.0,23.0,-20.0,20.0,-1.0,1.0,-19.0,19.0,-135.0,135.0,3150.0
1,3985.0,7128.0,0.0,2.0,2.0,-21.0,21.0,-19.0,19.0,-5.0,5.0,-24.0,24.0,-135.0,135.0,3143.0
1,3986.0,7124.0,0.0,1.0,1.0,-15.0,15.0,-21.0,21.0,-4.0,4.0,-26.0,26.0,-135.0,135.0,3138.0
1,3991.0,7120.0,0.0,5.0,5.0,-1.0,1.0,-19.0,19.0,-4.0,4.0,-27.0,27.0,-136.0,136.0,3129.0
1,3991.0,7120.0,0.0,0.0,0.0,6.0,6.0,-18.0,18.0,0.0,0.0,-23.0,23.0,-134.0,134.0,3129.0
1,3994.0,7118.0,0.0,3.0,3.0,16.0,16.0,-15.0,15.0,-2.0,2.0,-22.0,22.0,-136.0,136.0,3124.0
1,3996.0,7116.0,0.0,2.0,2.0,19.0,19.0,-8.0,8.0,-2.0,2.0,-22.0,22.0,-134.0,134.0,3120.0
1,3998.0,7113.0,0.0,2.0,2.0,21.0,21.0,1.0,1.0,-3.0,3.0,-25.0,25.0,-133.0,133.0,3115.0
1,4002.0,7109.0,0.0,4.0,4.0,21.0,21.0,11.0,11.0,-4.0,4.0,-25.0,25.0,-134.0,134.0,3107.0
1,4003.0,7105.0,0.0,1.0,1.0,20.0,20.0,15.0,15.0,-4.0,4.0,-28.0,28.0,-135.0,135.0,3102.0
1,4003.0,7105.0,0.0,0.0,0.0,18.0,18.0,14.0,14.0,0.0,0.0,-23.0,23.0,-131.0,131.0,3102.0
1,4005.0,7103.0,0.0,2.0,2.0,19.0,19.0,16.0,16.0,-2.0,2.0,-21.0,21.0,-133.0,133.0,3098.0
1,4008.0,7100.0,0.0,3.0,3.0,17.0,17.0,15.0,15.0,-3.0,3.0,-20.0,20.0,-133.0,133.0,3092.0
1,4009.0,7095.0,0.0,1.0,1.0,18.0,18.0,15.0,15.0,-5.0,5.0,-25.0,25.0,-135.0,135.0,3086.0
1,4001.0,7091.0,0.0,-8.0,8.0,7.0,7.0,2.0,2.0,-4.0,4.0,-27.0,27.0,-136.0,136.0,3090.0
1,3990.0,7089.0,0.0,-11.0,11.0,-6.0,6.0,-9.0,9.0,-2.0,2.0,-27.0,27.0,-135.0,135.0,3099.0
1,3990.0,7089.0,0.0,0.0,0.0,-8.0,8.0,-12.0,12.0,0.0,0.0,-24.0,24.0,-130.0,130.0,3099.0
1,3982.0,7086.0,0.0,-8.0,8.0,-20.0,20.0,-20.0,20.0,-3.0,3.0,-23.0,23.0,-133.0,133.0,3104.0
1,3973.0,7083.0,0.0,-9.0,9.0,-30.0,30.0,-31.0,31.0,-3.0,3.0,-22.0,22.0,-133.0,133.0,3110.0
1,3973.0,7078.0,0.0,0.0,0.0,-30.0,30.0,-35.0,35.0,-5.0,5.0,-27.0,27.0,-135.0,135.0,3105.0
1,3975.0,7076.0,0.0,2.0,2.0,-30.0,30.0,-34.0,34.0,-2.0,2.0,-27.0,27.0,-134.0,134.0,3101.0
1,3975.0,7076.0,0.0,0.0,0.0,-33.0,33.0,-38.0,38.0,0.0,0.0,-24.0,24.0,-130.0,130.0,3101.0
1,3975.0,7076.0,0.0,0.0,0.0,-34.0,34.0,-33.0,33.0,0.0,0.0,-19.0,19.0,-127.0,127.0,3101.0
1,3980.0,7070.0,0.0,5.0,5.0,-21.0,21.0,-28.0,28.0,-6.0,6.0,-21.0,21.0,-133.0,133.0,3090.0
1,3984.0,7066.0,0.0,4.0,4.0,-6.0,6.0,-19.0,19.0,-4.0,4.0,-23.0,23.0,-132.0,132.0,3082.0
1,3984.0,7063.0,0.0,0.0,0.0,-6.0,6.0,-11.0,11.0,-3.0,3.0,-26.0,26.0,-133.0,133.0,3079.0
1,3989.0,7060.0,0.0,5.0,5.0,7.0,7.0,1.0,1.0,-3.0,3.0,-26.0,26.0,-133.0,133.0,3071.0
1,3991.0,7058.0,0.0,2.0,2.0,18.0,18.0,9.0,9.0,-2.0,2.0,-25.0,25.0,-133.0,133.0,3067.0
1,3991.0,7058.0,0.0,0.0,0.0,18.0,18.0,9.0,9.0,0.0,0.0,-20.0,20.0,-127.0,127.0,3067.0
1,3992.0,7056.0,0.0,1.0,1.0,17.0,17.0,10.0,10.0,-2.0,2.0,-20.0,20.0,-129.0,129.0,3064.0
1,3995.0,7052.0,0.0,3.0,3.0,20.0,20.0,10.0,10.0,-4.0,4.0,-24.0,24.0,-131.0,131.0,3057.0
1,4000.0,7047.0,0.0,5.0,5.0,25.0,25.0,13.0,13.0,-5.0,5.0,-29.0,29.0,-133.0,133.0,3047.0
1,4000.0,7044.0,0.0,0.0,0.0,20.0,20.0,9.0,9.0,-3.0,3.0,-26.0,26.0,-132.0,132.0,3044.0
1,4001.0,7044.0,0.0,1.0,1.0,17.0,17.0,6.0,6.0,0.0,0.0,-22.0,22.0,-129.0,129.0,3043.0
1,4001.0,7044.0,0.0,0.0,0.0,17.0,17.0,5.0,5.0,0.0,0.0,-19.0,19.0,-126.0,126.0,3043.0
1,4005.0,7037.0,0.0,4.0,4.0,16.0,16.0,9.0,9.0,-7.0,7.0,-23.0,23.0,-133.0,133.0,3032.0
1,4004.0,7036.0,0.0,-1.0,1.0,13.0,13.0,3.0,3.0,-1.0,1.0,-22.0,22.0,-131.0,131.0,3032.0
1,3995.0,7033.0,0.0,-9.0,9.0,4.0,4.0,-6.0,6.0,-3.0,3.0,-25.0,25.0,-129.0,129.0,3038.0
1,3983.0,7030.0,0.0,-12.0,12.0,-9.0,9.0,-20.0,20.0,-3.0,3.0,-26.0,26.0,-130.0,130.0,3047.0
1,3973.0,7028.0,0.0,-10.0,10.0,-22.0,22.0,-34.0,34.0,-2.0,2.0,-24.0,24.0,-128.0,128.0,3055.0
1,3973.0,7028.0,0.0,0.0,0.0,-27.0,27.0,-33.0,33.0,0.0,0.0,-19.0,19.0,-124.0,124.0,3055.0
1,3973.0,7025.0,0.0,0.0,0.0,-27.0,27.0,-33.0,33.0,-3.0,3.0,-19.0,19.0,-127.0,127.0,3052.0
1,3975.0,7020.0,0.0,2.0,2.0,-26.0,26.0,-26.0,26.0,-5.0,5.0,-24.0,24.0,-130.0,130.0,3045.0
1,3977.0,7017.0,0.0,2.0,2.0,-24.0,24.0,-15.0,15.0,-3.0,3.0,-27.0,27.0,-130.0,130.0,3040.0
1,3980.0,7015.0,0.0,3.0,3.0,-25.0,25.0,-5.0,5.0,-2.0,2.0,-22.0,22.0,-128.0,128.0,3035.0
1,3983.0,7011.0,0.0,3.0,3.0,-21.0,21.0,5.0,5.0,-4.0,4.0,-25.0,25.0,-129.0,129.0,3028.0
1,3983.0,7011.0,0.0,0.0,0.0,-12.0,12.0,6.0,6.0,0.0,0.0,-22.0,22.0,-127.0,127.0,3028.0
1,3984.0,7008.0,0.0,1.0,1.0,1.0,1.0,7.0,7.0,-3.0,3.0,-22.0,22.0,-130.0,130.0,3024.0
1,3986.0,7004.0,0.0,2.0,2.0,13.0,13.0,5.0,5.0,-4.0,4.0,-24.0,24.0,-130.0,130.0,3018.0
1,3989.0,7002.0,0.0,3.0,3.0,16.0,16.0,6.0,6.0,-2.0,2.0,-26.0,26.0,-131.0,131.0,3013.0
1,3990.0,7000.0,0.0,1.0,1.0,17.0,17.0,5.0,5.0,-2.0,2.0,-25.0,25.0,-128.0,128.0,3010.0
1,3994.0,6996.0,0.0,4.0,4.0,19.0,19.0,8.0,8.0,-4.0,4.0,-24.0,24.0,-128.0,128.0,3002.0
1,3994.0,6996.0,0.0,0.0,0.0,17.0,17.0,3.0,3.0,0.0,0.0,-21.0,21.0,-124.0,124.0,3002.0
1,3998.0,6993.0,0.0,4.0,4.0,18.0,18.0,7.0,7.0,-3.0,3.0,-22.0,22.0,-127.0,127.0,2995.0
1,3998.0,6990.0,0.0,0.0,0.0,15.0,15.0,4.0,4.0,-3.0,3.0,-21.0,21.0,-128.0,128.0,2992.0
1,4001.0,6987.0,0.0,3.0,3.0,18.0,18.0,5.0,5.0,-3.0,3.0,-24.0,24.0,-129.0,129.0,2986.0
1,4003.0,6984.0,0.0,2.0,2.0,19.0,19.0,5.0,5.0,-3.0,3.0,-24.0,24.0,-129.0,129.0,2981.0
1,4006.0,6981.0,0.0,3.0,3.0,20.0,20.0,4.0,4.0,-3.0,3.0,-23.0,23.0,-128.0,128.0,2975.0
1,4006.0,6981.0,0.0,0.0,0.0,17.0,17.0,3.0,3.0,0.0,0.0,-21.0,21.0,-124.0,124.0,2975.0
1,4009.0,6979.0,0.0,3.0,3.0,19.0,19.0,6.0,6.0,-2.0,2.0,-21.0,21.0,-126.0,126.0,2970.0
1,4004.0,6973.0,0.0,-5.0,5.0,10.0,10.0,-1.0,1.0,-6.0,6.0,-23.0,23.0,-130.0,130.0,2969.0
1,3994.0,6972.0,0.0,-10.0,10.0,0.0,0.0,-14.0,14.0,-1.0,1.0,-24.0,24.0,-128.0,128.0,2978.0
1,3981.0,6969.0,0.0,-13.0,13.0,-17.0,17.0,-28.0,28.0,-3.0,3.0,-24.0,24.0,-126.0,126.0,2988.0
1,3971.0,6965.0,0.0,-10.0,10.0,-27.0,27.0,-30.0,30.0,-4.0,4.0,-25.0,25.0,-126.0,126.0,2994.0
1,3971.0,6965.0,0.0,0.0,0.0,-30.0,30.0,-19.0,19.0,0.0,0.0,-22.0,22.0,-124.0,124.0,2994.0
1,3970.0,6963.0,0.0,-1.0,1.0,-33.0,33.0,-20.0,20.0,-2.0,2.0,-21.0,21.0,-126.0,126.0,2993.0
1,3972.0,6958.0,0.0,2.0,2.0,-34.0,34.0,-10.0,10.0,-5.0,5.0,-23.0,23.0,-128.0,128.0,2986.0
1,3974.0,6955.0,0.0,2.0,2.0,-32.0,32.0,1.0,1.0,-3.0,3.0,-26.0,26.0,-128.0,128.0,2981.0
1,3977.0,6953.0,0.0,3.0,3.0,-32.0,32.0,4.0,4.0,-2.0,2.0,-26.0,26.0,-125.0,125.0,2976.0
1,3980.0,6950.0,0.0,3.0,3.0,-24.0,24.0,5.0,5.0,-3.0,3.0,-23.0,23.0,-126.0,126.0,2970.0
1,3980.0,6950.0,0.0,0.0,0.0,-14.0,14.0,5.0,5.0,0.0,0.0,-22.0,22.0,-126.0,126.0,2970.0
1,3981.0,6946.0,0.0,1.0,1.0,0.0,0.0,6.0,6.0,-4.0,4.0,-23.0,23.0,-130.0,130.0,2965.0
1,3985.0,6944.0,0.0,4.0,4.0,14.0,14.0,5.0,5.0,-2.0,2.0,-21.0,21.0,-126.0,126.0,2959.0
1,3988.0,6941.0,0.0,3.0,3.0,17.0,17.0,4.0,4.0,-3.0,3.0,-24.0,24.0,-125.0,125.0,2953.0
1,3990.0,6938.0,0.0,2.0,2.0,20.0,20.0,6.0,6.0,-3.0,3.0,-25.0,25.0,-125.0,125.0,2948.0
1,3991.0,6936.0,0.0,1.0,1.0,19.0,19.0,2.0,2.0,-2.0,2.0,-22.0,22.0,-124.0,124.0,2945.0
1,3991.0,6936.0,0.0,0.0,0.0,17.0,17.0,0.0,0.0,0.0,0.0,-19.0,19.0,-122.0,122.0,2945.0
1,3995.0,6932.0,0.0,4.0,4.0,18.0,18.0,4.0,4.0,-4.0,4.0,-21.0,21.0,-126.0,126.0,2937.0
1,3996.0,6929.0,0.0,1.0,1.0,16.0,16.0,4.0,4.0,-3.0,3.0,-21.0,21.0,-127.0,127.0,2933.0
1,3997.0,6926.0,0.0,1.0,1.0,17.0,17.0,2.0,2.0,-3.0,3.0,-24.0,24.0,-126.0,126.0,2929.0
1,4001.0,6923.0,0.0,4.0,4.0,20.0,20.0,1.0,1.0,-3.0,3.0,-23.0,23.0,-124.0,124.0,2922.0
1,4003.0,6921.0,0.0,2.0,2.0,18.0,18.0,3.0,3.0,-2.0,2.0,-23.0,23.0,-123.0,123.0,2918.0
1,4003.0,6921.0,0.0,0.0,0.0,15.0,15.0,2.0,2.0,0.0,0.0,-20.0,20.0,-123.0,123.0,2918.0
1,4006.0,6918.0,0.0,3.0,3.0,16.0,16.0,5.0,5.0,-3.0,3.0,-20.0,20.0,-126.0,126.0,2912.0
1,4008.0,6915.0,0.0,2.0,2.0,17.0,17.0,3.0,3.0,-3.0,3.0,-21.0,21.0,-122.0,122.0,2907.0
1,4002.0,6911.0,0.0,-6.0,6.0,11.0,11.0,-2.0,2.0,-4.0,4.0,-25.0,25.0,-125.0,125.0,2909.0
1,3990.0,6908.0,0.0,-12.0,12.0,-5.0,5.0,-5.0,5.0,-3.0,3.0,-24.0,24.0,-125.0,125.0,2918.0
1,3975.0,6906.0,0.0,-15.0,15.0,-21.0,21.0,-8.0,8.0,-2.0,2.0,-23.0,23.0,-124.0,124.0,2931.0
1,3975.0,6906.0,0.0,0.0,0.0,-22.0,22.0,2.0,2.0,0.0,0.0,-20.0,20.0,-122.0,122.0,2931.0
1,3965.0,6903.0,0.0,-10.0,10.0,-36.0,36.0,-8.0,8.0,-3.0,3.0,-20.0,20.0,-125.0,125.0,2938.0
1,3964.0,6900.0,0.0,-1.0,1.0,-39.0,39.0,-9.0,9.0,-3.0,3.0,-21.0,21.0,-125.0,125.0,2936.0
1,3966.0,6896.0,0.0,2.0,2.0,-37.0,37.0,-9.0,9.0,-4.0,4.0,-25.0,25.0,-124.0,124.0,2930.0
1,3968.0,6894.0,0.0,2.0,2.0,-38.0,38.0,-9.0,9.0,-2.0,2.0,-24.0,24.0,-123.0,123.0,2926.0
1,3971.0,6891.0,0.0,3.0,3.0,-37.0,37.0,-9.0,9.0,-3.0,3.0,-24.0,24.0,-124.0,124.0,2920.0
1,3971.0,6891.0,0.0,0.0,0.0,-31.0,31.0,-12.0,12.0,0.0,0.0,-20.0,20.0,-120.0,120.0,2920.0
1,3975.0,6889.0,0.0,4.0,4.0,-15.0,15.0,-8.0,8.0,-2.0,2.0,-19.0,19.0,-122.0,122.0,2914.0
1,3977.0,6885.0,0.0,2.0,2.0,2.0,2.0,-7.0,7.0,-4.0,4.0,-21.0,21.0,-123.0,123.0,2908.0
1,3977.0,6882.0,0.0,0.0,0.0,2.0,2.0,-9.0,9.0,-3.0,3.0,-24.0,24.0,-122.0,122.0,2905.0
1,3979.0,6878.0,0.0,2.0,2.0,14.0,14.0,-10.0,10.0,-4.0,4.0,-25.0,25.0,-124.0,124.0,2899.0
1,3981.0,6876.0,0.0,2.0,2.0,17.0,17.0,-9.0,9.0,-2.0,2.0,-24.0,24.0,-124.0,124.0,2895.0
1,3981.0,6876.0,0.0,0.0,0.0,15.0,15.0,-13.0,13.0,0.0,0.0,-20.0,20.0,-120.0,120.0,2895.0
1,3986.0,6874.0,0.0,5.0,5.0,18.0,18.0,-8.0,8.0,-2.0,2.0,-20.0,20.0,-122.0,122.0,2888.0
1,3986.0,6870.0,0.0,0.0,0.0,15.0,15.0,-12.0,12.0,-4.0,4.0,-21.0,21.0,-123.0,123.0,2884.0
1,3990.0,6869.0,0.0,4.0,4.0,19.0,19.0,-8.0,8.0,-1.0,1.0,-22.0,22.0,-121.0,121.0,2879.0
1,3992.0,6865.0,0.0,2.0,2.0,17.0,17.0,-9.0,9.0,-4.0,4.0,-24.0,24.0,-122.0,122.0,2873.0
1,3994.0,6863.0,0.0,2.0,2.0,17.0,17.0,-9.0,9.0,-2.0,2.0,-22.0,22.0,-121.0,121.0,2869.0
1,3994.0,6863.0,0.0,0.0,0.0,17.0,17.0,-12.0,12.0,0.0,0.0,-19.0,19.0,-118.0,118.0,2869.0
1,3996.0,6860.0,0.0,2.0,2.0,17.0,17.0,-10.0,10.0,-3.0,3.0,-18.0,18.0,-121.0,121.0,2864.0
1,3999.0,6857.0,0.0,3.0,3.0,18.0,18.0,-10.0,10.0,-3.0,3.0,-19.0,19.0,-122.0,122.0,2858.0
1,4000.0,6853.0,0.0,1.0,1.0,19.0,19.0,-4.0,4.0,-4.0,4.0,-23.0,23.0,-120.0,120.0,2853.0
1,4003.0,6851.0,0.0,3.0,3.0,17.0,17.0,9.0,9.0,-2.0,2.0,-23.0,23.0,-121.0,121.0,2848.0
1,4004.0,6848.0,0.0,1.0,1.0,18.0,18.0,23.0,23.0,-3.0,3.0,-22.0,22.0,-121.0,121.0,2844.0
1,4004.0,6848.0,0.0,0.0,0.0,14.0,14.0,33.0,33.0,0.0,0.0,-21.0,21.0,-117.0,117.0,2844.0
1,4006.0,6846.0,0.0,2.0,2.0,14.0,14.0,35.0,35.0,-2.0,2.0,-19.0,19.0,-119.0,119.0,2840.0
1,4000.0,6843.0,0.0,-6.0,6.0,6.0,6.0,30.0,30.0,-3.0,3.0,-20.0,20.0,-120.0,120.0,2843.0
1,3987.0,6838.0,0.0,-13.0,13.0,-7.0,7.0,15.0,15.0,-5.0,5.0,-25.0,25.0,-120.0,120.0,2851.0
1,3972.0,6837.0,0.0,-15.0,15.0,-24.0,24.0,-2.0,2.0,-1.0,1.0,-23.0,23.0,-118.0,118.0,2865.0
1,3961.0,6835.0,0.0,-11.0,11.0,-38.0,38.0,-16.0,16.0,-2.0,2.0,-22.0,22.0,-118.0,118.0,2874.0
1,3961.0,6835.0,0.0,0.0,0.0,-39.0,39.0,-19.0,19.0,0.0,0.0,-18.0,18.0,-115.0,115.0,2874.0
1,3959.0,6831.0,0.0,-2.0,2.0,-44.0,44.0,-21.0,21.0,-4.0,4.0,-20.0,20.0,-119.0,119.0,2872.0
1,3963.0,6827.0,0.0,4.0,4.0,-41.0,41.0,-18.0,18.0,-4.0,4.0,-21.0,21.0,-119.0,119.0,2864.0
1,3964.0,6826.0,0.0,1.0,1.0,-40.0,40.0,-21.0,21.0,-1.0,1.0,-22.0,22.0,-118.0,118.0,2862.0
1,3966.0,6823.0,0.0,2.0,2.0,-40.0,40.0,-22.0,22.0,-3.0,3.0,-23.0,23.0,-118.0,118.0,2857.0
1,3969.0,6819.0,0.0,3.0,3.0,-31.0,31.0,-21.0,21.0,-4.0,4.0,-24.0,24.0,-119.0,119.0,2850.0
1,3969.0,6819.0,0.0,0.0,0.0,-18.0,18.0,-22.0,22.0,0.0,0.0,-19.0,19.0,-117.0,117.0,2850.0
1,3971.0,6816.0,0.0,2.0,2.0,-1.0,1.0,-20.0,20.0,-3.0,3.0,-21.0,21.0,-120.0,120.0,2845.0
1,3973.0,6813.0,0.0,2.0,2.0,12.0,12.0,-22.0,22.0,-3.0,3.0,-22.0,22.0,-119.0,119.0,2840.0
1,3976.0,6810.0,0.0,3.0,3.0,15.0,15.0,-20.0,20.0,-3.0,3.0,-25.0,25.0,-119.0,119.0,2834.0
1,3977.0,6806.0,0.0,1.0,1.0,18.0,18.0,-20.0,20.0,-4.0,4.0,-25.0,25.0,-120.0,120.0,2829.0
1,3979.0,6804.0,0.0,2.0,2.0,16.0,16.0,-22.0,22.0,-2.0,2.0,-23.0,23.0,-119.0,119.0,2825.0
1,3979.0,6804.0,0.0,0.0,0.0,15.0,15.0,-24.0,24.0,0.0,0.0,-22.0,22.0,-117.0,117.0,2825.0
1,3981.0,6802.0,0.0,2.0,2.0,15.0,15.0,-22.0,22.0,-2.0,2.0,-21.0,21.0,-119.0,119.0,2821.0
1,3984.0,6799.0,0.0,3.0,3.0,15.0,15.0,-22.0,22.0,-3.0,3.0,-20.0,20.0,-119.0,119.0,2815.0
1,3988.0,6796.0,0.0,4.0,4.0,19.0,19.0,-20.0,20.0,-3.0,3.0,-23.0,23.0,-119.0,119.0,2808.0
1,3989.0,6794.0,0.0,1.0,1.0,18.0,18.0,-13.0,13.0,-2.0,2.0,-22.0,22.0,-117.0,117.0,2805.0
1,3990.0,6792.0,0.0,1.0,1.0,17.0,17.0,0.0,0.0,-2.0,2.0,-21.0,21.0,-116.0,116.0,2802.0
1,3990.0,6792.0,0.0,0.0,0.0,14.0,14.0,15.0,15.0,0.0,0.0,-18.0,18.0,-114.0,114.0,2802.0
1,3994.0,6787.0,0.0,4.0,4.0,17.0,17.0,19.0,19.0,-5.0,5.0,-19.0,19.0,-119.0,119.0,2793.0
1,3995.0,6785.0,0.0,1.0,1.0,16.0,16.0,30.0,30.0,-2.0,2.0,-19.0,19.0,-118.0,118.0,2790.0
1,3996.0,6784.0,0.0,1.0,1.0,17.0,17.0,32.0,32.0,-1.0,1.0,-20.0,20.0,-116.0,116.0,2788.0
1,3998.0,6780.0,0.0,2.0,2.0,17.0,17.0,32.0,32.0,-4.0,4.0,-22.0,22.0,-116.0,116.0,2782.0
1,4001.0,6777.0,0.0,3.0,3.0,17.0,17.0,33.0,33.0,-3.0,3.0,-22.0,22.0,-117.0,117.0,2776.0
1,4001.0,6777.0,0.0,0.0,0.0,13.0,13.0,30.0,30.0,0.0,0.0,-19.0,19.0,-114.0,114.0,2776.0
1,4004.0,6775.0,0.0,3.0,3.0,15.0,15.0,33.0,33.0,-2.0,2.0,-19.0,19.0,-116.0,116.0,2771.0
1,4004.0,6775.0,0.0,0.0,0.0,14.0,14.0,29.0,29.0,0.0,0.0,-17.0,17.0,-114.0,114.0,2771.0
1,4005.0,6768.0,0.0,1.0,1.0,15.0,15.0,28.0,28.0,-7.0,7.0,-24.0,24.0,-117.0,117.0,2763.0
1,3997.0,6768.0,0.0,-8.0,8.0,3.0,3.0,20.0,20.0,0.0,0.0,-19.0,19.0,-114.0,114.0,2771.0
1,3982.0,6763.0,0.0,-15.0,15.0,-13.0,13.0,3.0,3.0,-5.0,5.0,-22.0,22.0,-115.0,115.0,2781.0
1,3982.0,6763.0,0.0,0.0,0.0,-14.0,14.0,1.0,1.0,0.0,0.0,-21.0,21.0,-113.0,113.0,2781.0
1,3970.0,6761.0,0.0,-12.0,12.0,-28.0,28.0,-11.0,11.0,-2.0,2.0,-19.0,19.0,-115.0,115.0,2791.0
1,3970.0,6759.0,0.0,0.0,0.0,-31.0,31.0,-16.0,16.0,-2.0,2.0,-18.0,18.0,-115.0,115.0,2789.0
1,3970.0,6756.0,0.0,0.0,0.0,-31.0,31.0,-16.0,16.0,-3.0,3.0,-21.0,21.0,-114.0,114.0,2786.0
1,3971.0,6753.0,0.0,1.0,1.0,-33.0,33.0,-19.0,19.0,-3.0,3.0,-22.0,22.0,-116.0,116.0,2782.0
1,3973.0,6749.0,0.0,2.0,2.0,-31.0,31.0,-19.0,19.0,-4.0,4.0,-26.0,26.0,-116.0,116.0,2776.0
1,3973.0,6749.0,0.0,0.0,0.0,-32.0,32.0,-21.0,21.0,0.0,0.0,-19.0,19.0,-114.0,114.0,2776.0
1,3976.0,6747.0,0.0,3.0,3.0,-21.0,21.0,-18.0,18.0,-2.0,2.0,-21.0,21.0,-116.0,116.0,2771.0
1,3979.0,6744.0,0.0,3.0,3.0,-3.0,3.0,-17.0,17.0,-3.0,3.0,-19.0,19.0,-116.0,116.0,2765.0
1,3980.0,6742.0,0.0,1.0,1.0,-2.0,2.0,-19.0,19.0,-2.0,2.0,-21.0,21.0,-115.0,115.0,2762.0
1,3982.0,6739.0,0.0,2.0,2.0,12.0,12.0,-18.0,18.0,-3.0,3.0,-22.0,22.0,-114.0,114.0,2757.0
1,3984.0,6736.0,0.0,2.0,2.0,14.0,14.0,-19.0,19.0,-3.0,3.0,-23.0,23.0,-115.0,115.0,2752.0
1,3984.0,6736.0,0.0,0.0,0.0,14.0,14.0,-20.0,20.0,0.0,0.0,-20.0,20.0,-112.0,112.0,2752.0
1,3988.0,6733.0,0.0,4.0,4.0,17.0,17.0,-16.0,16.0,-3.0,3.0,-20.0,20.0,-115.0,115.0,2745.0
1,3989.0,6730.0,0.0,1.0,1.0,16.0,16.0,-17.0,17.0,-3.0,3.0,-19.0,19.0,-116.0,116.0,2741.0
1,3991.0,6727.0,0.0,2.0,2.0,18.0,18.0,-9.0,9.0,-3.0,3.0,-22.0,22.0,-116.0,116.0,2736.0
1,3994.0,6725.0,0.0,3.0,3.0,18.0,18.0,7.0,7.0,-2.0,2.0,-22.0,22.0,-113.0,113.0,2731.0
1,3993.0,6723.0,0.0,-1.0,1.0,14.0,14.0,21.0,21.0,-2.0,2.0,-21.0,21.0,-114.0,114.0,2730.0
1,3993.0,6723.0,0.0,0.0,0.0,13.0,13.0,32.0,32.0,0.0,0.0,-19.0,19.0,-112.0,112.0,2730.0
1,3998.0,6720.0,0.0,5.0,5.0,16.0,16.0,37.0,37.0,-3.0,3.0,-19.0,19.0,-115.0,115.0,2722.0
1,4000.0,6716.0,0.0,2.0,2.0,16.0,16.0,41.0,41.0,-4.0,4.0,-20.0,20.0,-115.0,115.0,2716.0
1,4002.0,6713.0,0.0,2.0,2.0,18.0,18.0,39.0,39.0,-3.0,3.0,-23.0,23.0,-114.0,114.0,2711.0
1,4004.0,6711.0,0.0,2.0,2.0,16.0,16.0,40.0,40.0,-2.0,2.0,-22.0,22.0,-115.0,115.0,2707.0
1,4005.0,6709.0,0.0,1.0,1.0,16.0,16.0,39.0,39.0,-2.0,2.0,-21.0,21.0,-114.0,114.0,2704.0
1,4005.0,6709.0,0.0,0.0,0.0,14.0,14.0,36.0,36.0,0.0,0.0,-18.0,18.0,-110.0,110.0,2704.0
1,3997.0,6705.0,0.0,-8.0,8.0,3.0,3.0,28.0,28.0,-4.0,4.0,-20.0,20.0,-114.0,114.0,2708.0
1,3983.0,6704.0,0.0,-14.0,14.0,-10.0,10.0,12.0,12.0,-1.0,1.0,-19.0,19.0,-112.0,112.0,2721.0
1,3969.0,6702.0,0.0,-14.0,14.0,-24.0,24.0,-4.0,4.0,-2.0,2.0,-21.0,21.0,-111.0,111.0,2733.0
1,3965.0,6699.0,0.0,-4.0,4.0,-33.0,33.0,-11.0,11.0,-3.0,3.0,-21.0,21.0,-111.0,111.0,2734.0
1,3966.0,6698.0,0.0,1.0,1.0,-34.0,34.0,-11.0,11.0,-1.0,1.0,-18.0,18.0,-108.0,108.0,2732.0
1,3966.0,6698.0,0.0,0.0,0.0,-36.0,36.0,-13.0,13.0,0.0,0.0,-15.0,15.0,-106.0,106.0,2732.0
1,3970.0,6695.0,0.0,4.0,4.0,-34.0,34.0,-9.0,9.0,-3.0,3.0,-16.0,16.0,-109.0,109.0,2725.0
1,3972.0,6691.0,0.0,2.0,2.0,-33.0,33.0,-9.0,9.0,-4.0,4.0,-18.0,18.0,-111.0,111.0,2719.0
1,3975.0,6688.0,0.0,3.0,3.0,-30.0,30.0,-9.0,9.0,-3.0,3.0,-21.0,21.0,-111.0,111.0,2713.0
1,3975.0,6684.0,0.0,0.0,0.0,-22.0,22.0,-13.0,13.0,-4.0,4.0,-21.0,21.0,-112.0,112.0,2709.0
1,3978.0,6682.0,0.0,3.0,3.0,-5.0,5.0,-11.0,11.0,-2.0,2.0,-22.0,22.0,-112.0,112.0,2704.0
1,3978.0,6682.0,0.0,0.0,0.0,9.0,9.0,-12.0,12.0,0.0,0.0,-20.0,20.0,-110.0,110.0,2704.0
1,3980.0,6678.0,0.0,2.0,2.0,15.0,15.0,-10.0,10.0,-4.0,4.0,-21.0,21.0,-114.0,114.0,2698.0
1,3980.0,6677.0,0.0,0.0,0.0,14.0,14.0,-14.0,14.0,-1.0,1.0,-21.0,21.0,-110.0,110.0,2697.0
1,3985.0,6673.0,0.0,5.0,5.0,19.0,19.0,-10.0,10.0,-4.0,4.0,-25.0,25.0,-112.0,112.0,2688.0
1,3986.0,6671.0,0.0,1.0,1.0,16.0,16.0,-10.0,10.0,-2.0,2.0,-24.0,24.0,-113.0,113.0,2685.0
1,3988.0,6668.0,0.0,2.0,2.0,16.0,16.0,-10.0,10.0,-3.0,3.0,-23.0,23.0,-112.0,112.0,2680.0
1,3988.0,6668.0,0.0,0.0,0.0,13.0,13.0,-13.0,13.0,0.0,0.0,-20.0,20.0,-109.0,109.0,2680.0
1,3991.0,6666.0,0.0,3.0,3.0,16.0,16.0,-10.0,10.0,-2.0,2.0,-18.0,18.0,-111.0,111.0,2675.0
1,3994.0,6664.0,0.0,3.0,3.0,16.0,16.0,-10.0,10.0,-2.0,2.0,-18.0,18.0,-111.0,111.0,2670.0
1,3996.0,6661.0,0.0,2.0,2.0,18.0,18.0,-8.0,8.0,-3.0,3.0,-21.0,21.0,-114.0,114.0,2665.0
1,3995.0,6658.0,0.0,-1.0,1.0,15.0,15.0,-10.0,10.0,-3.0,3.0,-20.0,20.0,-110.0,110.0,2663.0
1,4000.0,6655.0,0.0,5.0,5.0,20.0,20.0,3.0,3.0,-3.0,3.0,-22.0,22.0,-113.0,113.0,2655.0
1,4000.0,6655.0,0.0,0.0,0.0,15.0,15.0,18.0,18.0,0.0,0.0,-18.0,18.0,-108.0,108.0,2655.0
1,4001.0,6652.0,0.0,1.0,1.0,15.0,15.0,19.0,19.0,-3.0,3.0,-19.0,19.0,-111.0,111.0,2651.0
1,4003.0,6650.0,0.0,2.0,2.0,15.0,15.0,33.0,33.0,-2.0,2.0,-18.0,18.0,-111.0,111.0,2647.0
1,4005.0,6648.0,0.0,2.0,2.0,17.0,17.0,35.0,35.0,-2.0,2.0,-20.0,20.0,-111.0,111.0,2643.0
1,3994.0,6645.0,0.0,-11.0,11.0,3.0,3.0,24.0,24.0,-3.0,3.0,-21.0,21.0,-111.0,111.0,2651.0
1,3980.0,6642.0,0.0,-14.0,14.0,-14.0,14.0,9.0,9.0,-3.0,3.0,-22.0,22.0,-111.0,111.0,2662.0
1,3980.0,6642.0,0.0,0.0,0.0,-16.0,16.0,7.0,7.0,0.0,0.0,-19.0,19.0,-107.0,107.0,2662.0
1,3967.0,6640.0,0.0,-13.0,13.0,-28.0,28.0,-6.0,6.0,-2.0,2.0,-18.0,18.0,-109.0,109.0,2673.0
1,3964.0,6638.0,0.0,-3.0,3.0,-36.0,36.0,-12.0,12.0,-2.0,2.0,-17.0,17.0,-109.0,109.0,2674.0
1,3966.0,6636.0,0.0,2.0,2.0,-34.0,34.0,-13.0,13.0,-2.0,2.0,-19.0,19.0,-108.0,108.0,2670.0
1,3968.0,6633.0,0.0,2.0,2.0,-33.0,33.0,-12.0,12.0,-3.0,3.0,-19.0,19.0,-109.0,109.0,2665.0
1,3971.0,6629.0,0.0,3.0,3.0,-32.0,32.0,-11.0,11.0,-4.0,4.0,-21.0,21.0,-110.0,110.0,2658.0
1,3971.0,6629.0,0.0,0.0,0.0,-34.0,34.0,-13.0,13.0,0.0,0.0,-19.0,19.0,-107.0,107.0,2658.0
1,3973.0,6626.0,0.0,2.0,2.0,-21.0,21.0,-11.0,11.0,-3.0,3.0,-19.0,19.0,-110.0,110.0,2653.0
1,3976.0,6624.0,0.0,3.0,3.0,-4.0,4.0,-12.0,12.0,-2.0,2.0,-18.0,18.0,-109.0,109.0,2648.0
1,3977.0,6623.0,0.0,1.0,1.0,-3.0,3.0,-12.0,12.0,-1.0,1.0,-19.0,19.0,-107.0,107.0,2646.0
1,3978.0,6620.0,0.0,1.0,1.0,11.0,11.0,-13.0,13.0,-3.0,3.0,-20.0,20.0,-107.0,107.0,2642.0
1,3980.0,6616.0,0.0,2.0,2.0,16.0,16.0,-14.0,14.0,-4.0,4.0,-22.0,22.0,-109.0,109.0,2636.0
1,3980.0,6616.0,0.0,0.0,0.0,14.0,14.0,-13.0,13.0,0.0,0.0,-20.0,20.0,-107.0,107.0,2636.0
1,3983.0,6614.0,0.0,3.0,3.0,15.0,15.0,-10.0,10.0,-2.0,2.0,-19.0,19.0,-109.0,109.0,2631.0
1,3985.0,6611.0,0.0,2.0,2.0,14.0,14.0,-13.0,13.0,-3.0,3.0,-18.0,18.0,-109.0,109.0,2626.0
1,3988.0,6607.0,0.0,3.0,3.0,17.0,17.0,-12.0,12.0,-4.0,4.0,-22.0,22.0,-109.0,109.0,2619.0
1,3990.0,6606.0,0.0,2.0,2.0,17.0,17.0,-12.0,12.0,-1.0,1.0,-20.0,20.0,-107.0,107.0,2616.0
1,3992.0,6606.0,0.0,2.0,2.0,16.0,16.0,-12.0,12.0,0.0,0.0,-18.0,18.0,-105.0,105.0,2614.0
1,3992.0,6606.0,0.0,0.0,0.0,15.0,15.0,-13.0,13.0,0.0,0.0,-17.0,17.0,-103.0,103.0,2614.0
1,3991.0,6603.0,0.0,-1.0,1.0,13.0,13.0,-14.0,14.0,-3.0,3.0,-17.0,17.0,-106.0,106.0,2612.0
1,3994.0,6598.0,0.0,3.0,3.0,14.0,14.0,-3.0,3.0,-5.0,5.0,-18.0,18.0,-107.0,107.0,2604.0
1,3996.0,6595.0,0.0,2.0,2.0,16.0,16.0,13.0,13.0,-3.0,3.0,-21.0,21.0,-109.0,109.0,2599.0
1,4001.0,6595.0,0.0,5.0,5.0,18.0,18.0,32.0,32.0,0.0,0.0,-19.0,19.0,-107.0,107.0,2594.0
1,4001.0,6591.0,0.0,0.0,0.0,16.0,16.0,36.0,36.0,-4.0,4.0,-20.0,20.0,-108.0,108.0,2590.0
1,4001.0,6591.0,0.0,0.0,0.0,13.0,13.0,35.0,35.0,0.0,0.0,-16.0,16.0,-107.0,107.0,2590.0
1,4003.0,6589.0,0.0,2.0,2.0,13.0,13.0,37.0,37.0,-2.0,2.0,-17.0,17.0,-109.0,109.0,2586.0
1,4005.0,6586.0,0.0,2.0,2.0,13.0,13.0,35.0,35.0,-3.0,3.0,-20.0,20.0,-109.0,109.0,2581.0
1,3996.0,6585.0,0.0,-9.0,9.0,4.0,4.0,24.0,24.0,-1.0,1.0,-21.0,21.0,-106.0,106.0,2589.0
1,3980.0,6582.0,0.0,-16.0,16.0,-11.0,11.0,5.0,5.0,-3.0,3.0,-21.0,21.0,-106.0,106.0,2602.0
1,3967.0,6578.0,0.0,-13.0,13.0,-27.0,27.0,-8.0,8.0,-4.0,4.0,-20.0,20.0,-106.0,106.0,2611.0
1,3967.0,6578.0,0.0,0.0,0.0,-29.0,29.0,-11.0,11.0,0.0,0.0,-17.0,17.0,-104.0,104.0,2611.0
1,3964.0,6575.0,0.0,-3.0,3.0,-37.0,37.0,-14.0,14.0,-3.0,3.0,-20.0,20.0,-107.0,107.0,2611.0
1,3965.0,6574.0,0.0,1.0,1.0,-36.0,36.0,-15.0,15.0,-1.0,1.0,-17.0,17.0,-104.0,104.0,2609.0
1,3969.0,6572.0,0.0,4.0,4.0,-32.0,32.0,-11.0,11.0,-2.0,2.0,-19.0,19.0,-105.0,105.0,2603.0
1,3970.0,6568.0,0.0,1.0,1.0,-33.0,33.0,-15.0,15.0,-4.0,4.0,-21.0,21.0,-105.0,105.0,2598.0
1,3973.0,6565.0,0.0,3.0,3.0,-32.0,32.0,-13.0,13.0,-3.0,3.0,-21.0,21.0,-106.0,106.0,2592.0
1,3973.0,6565.0,0.0,0.0,0.0,-23.0,23.0,-15.0,15.0,0.0,0.0,-20.0,20.0,-103.0,103.0,2592.0
1,3974.0,6563.0,0.0,1.0,1.0,-6.0,6.0,-14.0,14.0,-2.0,2.0,-19.0,19.0,-105.0,105.0,2589.0
1,3976.0,6560.0,0.0,2.0,2.0,9.0,9.0,-15.0,15.0,-3.0,3.0,-18.0,18.0,-106.0,106.0,2584.0
1,3979.0,6559.0,0.0,3.0,3.0,12.0,12.0,-15.0,15.0,-1.0,1.0,-19.0,19.0,-105.0,105.0,2580.0
1,3981.0,6555.0,0.0,2.0,2.0,17.0,17.0,-15.0,15.0,-4.0,4.0,-20.0,20.0,-106.0,106.0,2574.0
1,3983.0,6553.0,0.0,2.0,2.0,18.0,18.0,-12.0,12.0,-2.0,2.0,-21.0,21.0,-105.0,105.0,2570.0
1,3983.0,6553.0,0.0,0.0,0.0,14.0,14.0,-17.0,17.0,0.0,0.0,-19.0,19.0,-102.0,102.0,2570.0
1,3984.0,6552.0,0.0,1.0,1.0,14.0,14.0,-16.0,16.0,-1.0,1.0,-16.0,16.0,-103.0,103.0,2568.0
1,3987.0,6549.0,0.0,3.0,3.0,14.0,14.0,-14.0,14.0,-3.0,3.0,-16.0,16.0,-103.0,103.0,2562.0
1,3988.0,6546.0,0.0,1.0,1.0,15.0,15.0,-15.0,15.0,-3.0,3.0,-19.0,19.0,-104.0,104.0,2558.0
1,3989.0,6543.0,0.0,1.0,1.0,15.0,15.0,-16.0,16.0,-3.0,3.0,-20.0,20.0,-105.0,105.0,2554.0
1,3991.0,6542.0,0.0,2.0,2.0,15.0,15.0,-3.0,3.0,-1.0,1.0,-18.0,18.0,-103.0,103.0,2551.0
1,3991.0,6542.0,0.0,0.0,0.0,12.0,12.0,11.0,11.0,0.0,0.0,-17.0,17.0,-100.0,100.0,2551.0
1,3995.0,6537.0,0.0,4.0,4.0,14.0,14.0,15.0,15.0,-5.0,5.0,-18.0,18.0,-105.0,105.0,2542.0
1,3995.0,6536.0,0.0,0.0,0.0,12.0,12.0,28.0,28.0,-1.0,1.0,-17.0,17.0,-104.0,104.0,2541.0
1,3997.0,6533.0,0.0,2.0,2.0,14.0,14.0,33.0,33.0,-3.0,3.0,-20.0,20.0,-105.0,105.0,2536.0
1,4000.0,6531.0,0.0,3.0,3.0,16.0,16.0,34.0,34.0,-2.0,2.0,-21.0,21.0,-105.0,105.0,2531.0
1,4003.0,6528.0,0.0,3.0,3.0,16.0,16.0,35.0,35.0,-3.0,3.0,-21.0,21.0,-105.0,105.0,2525.0
1,4003.0,6528.0,0.0,0.0,0.0,15.0,15.0,32.0,32.0,0.0,0.0,-18.0,18.0,-101.0,101.0,2525.0
1,4003.0,6525.0,0.0,0.0,0.0,14.0,14.0,32.0,32.0,-3.0,3.0,-18.0,18.0,-104.0,104.0,2522.0
1,4005.0,6524.0,0.0,2.0,2.0,14.0,14.0,32.0,32.0,-1.0,1.0,-18.0,18.0,-102.0,102.0,2519.0
1,3994.0,6521.0,0.0,-11.0,11.0,3.0,3.0,18.0,18.0,-3.0,3.0,-21.0,21.0,-103.0,103.0,2527.0
1,3979.0,6518.0,0.0,-15.0,15.0,-16.0,16.0,2.0,2.0,-3.0,3.0,-19.0,19.0,-105.0,105.0,2539.0
1,3966.0,6517.0,0.0,-13.0,13.0,-29.0,29.0,-12.0,12.0,-1.0,1.0,-19.0,19.0,-103.0,103.0,2551.0
1,3966.0,6517.0,0.0,0.0,0.0,-31.0,31.0,-14.0,14.0,0.0,0.0,-16.0,16.0,-99.0,99.0,2551.0
1,3963.0,6513.0,0.0,-3.0,3.0,-37.0,37.0,-17.0,17.0,-4.0,4.0,-18.0,18.0,-103.0,103.0,2550.0
1,3966.0,6512.0,0.0,3.0,3.0,-37.0,37.0,-17.0,17.0,-1.0,1.0,-16.0,16.0,-102.0,102.0,2546.0
1,3967.0,6509.0,0.0,1.0,1.0,-36.0,36.0,-18.0,18.0,-3.0,3.0,-19.0,19.0,-102.0,102.0,2542.0
1,3967.0,6509.0,0.0,0.0,0.0,-36.0,36.0,-21.0,21.0,0.0,0.0,-16.0,16.0,-98.0,98.0,2542.0
1,3971.0,6503.0,0.0,4.0,4.0,-34.0,34.0,-19.0,19.0,-6.0,6.0,-21.0,21.0,-103.0,103.0,2532.0
1,3971.0,6503.0,0.0,0.0,0.0,-23.0,23.0,-21.0,21.0,0.0,0.0,-18.0,18.0,-103.0,103.0,2532.0
1,3973.0,6500.0,0.0,2.0,2.0,-6.0,6.0,-19.0,19.0,-3.0,3.0,-18.0,18.0,-106.0,106.0,2527.0
1,3975.0,6499.0,0.0,2.0,2.0,9.0,9.0,-16.0,16.0,-1.0,1.0,-18.0,18.0,-104.0,104.0,2524.0
1,3977.0,6498.0,0.0,2.0,2.0,11.0,11.0,-17.0,17.0,-1.0,1.0,-19.0,19.0,-100.0,100.0,2521.0
1,3979.0,6494.0,0.0,2.0,2.0,16.0,16.0,-17.0,17.0,-4.0,4.0,-19.0,19.0,-101.0,101.0,2515.0
1,3981.0,6491.0,0.0,2.0,2.0,15.0,15.0,-20.0,20.0,-3.0,3.0,-21.0,21.0,-104.0,104.0,2510.0
1,3981.0,6491.0,0.0,0.0,0.0,14.0,14.0,-20.0,20.0,0.0,0.0,-18.0,18.0,-100.0,100.0,2510.0
1,3982.0,6488.0,0.0,1.0,1.0,15.0,15.0,-19.0,19.0,-3.0,3.0,-21.0,21.0,-103.0,103.0,2506.0
1,3984.0,6487.0,0.0,2.0,2.0,13.0,13.0,-19.0,19.0,-1.0,1.0,-16.0,16.0,-102.0,102.0,2503.0
1,3988.0,6484.0,0.0,4.0,4.0,17.0,17.0,-17.0,17.0,-3.0,3.0,-19.0,19.0,-102.0,102.0,2496.0
1,3989.0,6482.0,0.0,1.0,1.0,16.0,16.0,-7.0,7.0,-2.0,2.0,-18.0,18.0,-103.0,103.0,2493.0
1,3991.0,6481.0,0.0,2.0,2.0,16.0,16.0,11.0,11.0,-1.0,1.0,-18.0,18.0,-101.0,101.0,2490.0
1,3991.0,6481.0,0.0,0.0,0.0,14.0,14.0,24.0,24.0,0.0,0.0,-17.0,17.0,-97.0,97.0,2490.0
1,3993.0,6478.0,0.0,2.0,2.0,14.0,14.0,26.0,26.0,-3.0,3.0,-16.0,16.0,-100.0,100.0,2485.0
1,3994.0,6475.0,0.0,1.0,1.0,13.0,13.0,30.0,30.0,-3.0,3.0,-16.0,16.0,-100.0,100.0,2481.0
1,3996.0,6472.0,0.0,2.0,2.0,15.0,15.0,31.0,31.0,-3.0,3.0,-19.0,19.0,-102.0,102.0,2476.0
1,3998.0,6470.0,0.0,2.0,2.0,16.0,16.0,29.0,29.0,-2.0,2.0,-18.0,18.0,-102.0,102.0,2472.0
1,3999.0,6468.0,0.0,1.0,1.0,15.0,15.0,29.0,29.0,-2.0,2.0,-19.0,19.0,-100.0,100.0,2469.0
1,3999.0,6468.0,0.0,0.0,0.0,11.0,11.0,26.0,26.0,0.0,0.0,-16.0,16.0,-97.0,97.0,2469.0
1,4003.0,6466.0,0.0,4.0,4.0,14.0,14.0,30.0,30.0,-2.0,2.0,-16.0,16.0,-99.0,99.0,2463.0
1,4004.0,6462.0,0.0,1.0,1.0,13.0,13.0,30.0,30.0,-4.0,4.0,-19.0,19.0,-101.0,101.0,2458.0
1,4005.0,6459.0,0.0,1.0,1.0,14.0,14.0,29.0,29.0,-3.0,3.0,-22.0,22.0,-101.0,101.0,2454.0
1,4006.0,6458.0,0.0,1.0,1.0,13.0,13.0,27.0,27.0,-1.0,1.0,-20.0,20.0,-101.0,101.0,2452.0
1,3997.0,6456.0,0.0,-9.0,9.0,3.0,3.0,16.0,16.0,-2.0,2.0,-19.0,19.0,-99.0,99.0,2459.0
1,3997.0,6456.0,0.0,0.0,0.0,1.0,1.0,14.0,14.0,0.0,0.0,-16.0,16.0,-97.0,97.0,2459.0
1,3981.0,6453.0,0.0,-16.0,16.0,-17.0,17.0,-2.0,2.0,-3.0,3.0,-17.0,17.0,-100.0,100.0,2472.0
1,3968.0,6451.0,0.0,-13.0,13.0,-31.0,31.0,-16.0,16.0,-2.0,2.0,-17.0,17.0,-101.0,101.0,2483.0
1,3967.0,6448.0,0.0,-1.0,1.0,-32.0,32.0,-20.0,20.0,-3.0,3.0,-20.0,20.0,-101.0,101.0,2481.0
1,3967.0,6446.0,0.0,0.0,0.0,-36.0,36.0,-21.0,21.0,-2.0,2.0,-20.0,20.0,-100.0,100.0,2479.0
1,3967.0,6446.0,0.0,0.0,0.0,-37.0,37.0,-22.0,22.0,0.0,0.0,-16.0,16.0,-97.0,97.0,2479.0
1,3967.0,6446.0,0.0,0.0,0.0,-38.0,38.0,-24.0,24.0,0.0,0.0,-13.0,13.0,-96.0,96.0,2479.0
1,3972.0,6441.0,0.0,5.0,5.0,-34.0,34.0,-19.0,19.0,-5.0,5.0,-17.0,17.0,-101.0,101.0,2469.0
1,3972.0,6438.0,0.0,0.0,0.0,-25.0,25.0,-23.0,23.0,-3.0,3.0,-18.0,18.0,-99.0,99.0,2466.0
1,3975.0,6436.0,0.0,3.0,3.0,-22.0,22.0,-20.0,20.0,-2.0,2.0,-20.0,20.0,-100.0,100.0,2461.0
1,3978.0,6433.0,0.0,3.0,3.0,-3.0,3.0,-19.0,19.0,-3.0,3.0,-20.0,20.0,-100.0,100.0,2455.0
1,3979.0,6432.0,0.0,1.0,1.0,11.0,11.0,-21.0,21.0,-1.0,1.0,-19.0,19.0,-99.0,99.0,2453.0
1,3979.0,6432.0,0.0,0.0,0.0,12.0,12.0,-24.0,24.0,0.0,0.0,-16.0,16.0,-96.0,96.0,2453.0
1,3981.0,6428.0,0.0,2.0,2.0,14.0,14.0,-22.0,22.0,-4.0,4.0,-18.0,18.0,-100.0,100.0,2447.0
1,3982.0,6426.0,0.0,1.0,1.0,15.0,15.0,-21.0,21.0,-2.0,2.0,-20.0,20.0,-99.0,99.0,2444.0
1,3985.0,6425.0,0.0,3.0,3.0,18.0,18.0,-20.0,20.0,-1.0,1.0,-21.0,21.0,-99.0,99.0,2440.0
1,3984.0,6422.0,0.0,-1.0,1.0,12.0,12.0,-10.0,10.0,-3.0,3.0,-19.0,19.0,-99.0,99.0,2438.0
1,3988.0,6420.0,0.0,4.0,4.0,16.0,16.0,9.0,9.0,-2.0,2.0,-18.0,18.0,-98.0,98.0,2432.0
1,3988.0,6420.0,0.0,0.0,0.0,13.0,13.0,22.0,22.0,0.0,0.0,-16.0,16.0,-97.0,97.0,2432.0
1,3989.0,6417.0,0.0,1.0,1.0,11.0,11.0,23.0,23.0,-3.0,3.0,-16.0,16.0,-100.0,100.0,2428.0
1,3991.0,6416.0,0.0,2.0,2.0,12.0,12.0,28.0,28.0,-1.0,1.0,-16.0,16.0,-97.0,97.0,2425.0
1,3994.0,6413.0,0.0,3.0,3.0,15.0,15.0,28.0,28.0,-3.0,3.0,-19.0,19.0,-99.0,99.0,2419.0
1,3994.0,6411.0,0.0,0.0,0.0,13.0,13.0,27.0,27.0,-2.0,2.0,-17.0,17.0,-98.0,98.0,2417.0
1,3996.0,6409.0,0.0,2.0,2.0,14.0,14.0,29.0,29.0,-2.0,2.0,-17.0,17.0,-100.0,100.0,2413.0
1,3996.0,6409.0,0.0,0.0,0.0,11.0,11.0,25.0,25.0,0.0,0.0,-16.0,16.0,-94.0,94.0,2413.0
1,4000.0,6408.0,0.0,4.0,4.0,16.0,16.0,29.0,29.0,-1.0,1.0,-14.0,14.0,-95.0,95.0,2408.0
1,4001.0,6405.0,0.0,1.0,1.0,13.0,13.0,28.0,28.0,-3.0,3.0,-15.0,15.0,-95.0,95.0,2404.0
1,4003.0,6400.0,0.0,2.0,2.0,15.0,15.0,28.0,28.0,-5.0,5.0,-20.0,20.0,-99.0,99.0,2397.0
1,4003.0,6399.0,0.0,0.0,0.0,14.0,14.0,26.0,26.0,-1.0,1.0,-18.0,18.0,-99.0,99.0,2396.0
1,3993.0,6397.0,0.0,-10.0,10.0,2.0,2.0,14.0,14.0,-2.0,2.0,-19.0,19.0,-97.0,97.0,2404.0
1,3993.0,6397.0,0.0,0.0,0.0,-1.0,1.0,12.0,12.0,0.0,0.0,-16.0,16.0,-94.0,94.0,2404.0
1,3978.0,6394.0,0.0,-15.0,15.0,-16.0,16.0,-3.0,3.0,-3.0,3.0,-17.0,17.0,-97.0,97.0,2416.0
1,3962.0,6392.0,0.0,-16.0,16.0,-34.0,34.0,-20.0,20.0,-2.0,2.0,-17.0,17.0,-96.0,96.0,2430.0
1,3963.0,6388.0,0.0,1.0,1.0,-33.0,33.0,-21.0,21.0,-4.0,4.0,-21.0,21.0,-99.0,99.0,2425.0
1,3963.0,6388.0,0.0,0.0,0.0,-37.0,37.0,-25.0,25.0,0.0,0.0,-20.0,20.0,-96.0,96.0,2425.0
1,3967.0,6386.0,0.0,4.0,4.0,-34.0,34.0,-22.0,22.0,-2.0,2.0,-19.0,19.0,-96.0,96.0,2419.0
1,3967.0,6386.0,0.0,0.0,0.0,-36.0,36.0,-24.0,24.0,0.0,0.0,-14.0,14.0,-95.0,95.0,2419.0
1,3966.0,6384.0,0.0,-1.0,1.0,-37.0,37.0,-25.0,25.0,-2.0,2.0,-15.0,15.0,-97.0,97.0,2418.0
1,3970.0,6381.0,0.0,4.0,4.0,-23.0,23.0,-23.0,23.0,-3.0,3.0,-16.0,16.0,-97.0,97.0,2411.0
1,3972.0,6376.0,0.0,2.0,2.0,-21.0,21.0,-22.0,22.0,-5.0,5.0,-21.0,21.0,-99.0,99.0,2404.0
1,3973.0,6376.0,0.0,1.0,1.0,-5.0,5.0,-23.0,23.0,0.0,0.0,-18.0,18.0,-96.0,96.0,2403.0
1,3974.0,6374.0,0.0,1.0,1.0,12.0,12.0,-24.0,24.0,-2.0,2.0,-18.0,18.0,-96.0,96.0,2400.0
1,3974.0,6374.0,0.0,0.0,0.0,11.0,11.0,-25.0,25.0,0.0,0.0,-14.0,14.0,-94.0,94.0,2400.0
1,3977.0,6371.0,0.0,3.0,3.0,14.0,14.0,-22.0,22.0,-3.0,3.0,-17.0,17.0,-97.0,97.0,2394.0
1,3978.0,6370.0,0.0,1.0,1.0,11.0,11.0,-25.0,25.0,-1.0,1.0,-16.0,16.0,-96.0,96.0,2392.0
1,3981.0,6366.0,0.0,3.0,3.0,14.0,14.0,-23.0,23.0,-4.0,4.0,-20.0,20.0,-96.0,96.0,2385.0
1,3984.0,6365.0,0.0,3.0,3.0,18.0,18.0,-21.0,21.0,-1.0,1.0,-19.0,19.0,-94.0,94.0,2381.0
1,3985.0,6363.0,0.0,1.0,1.0,15.0,15.0,-21.0,21.0,-2.0,2.0,-18.0,18.0,-95.0,95.0,2378.0
1,3985.0,6363.0,0.0,0.0,0.0,13.0,13.0,-12.0,12.0,0.0,0.0,-13.0,13.0,-93.0,93.0,2378.0
1,3985.0,6360.0,0.0,0.0,0.0,12.0,12.0,-12.0,12.0,-3.0,3.0,-16.0,16.0,-96.0,96.0,2375.0
1,3988.0,6357.0,0.0,3.0,3.0,14.0,14.0,7.0,7.0,-3.0,3.0,-17.0,17.0,-96.0,96.0,2369.0
1,3989.0,6356.0,0.0,1.0,1.0,15.0,15.0,21.0,21.0,-1.0,1.0,-18.0,18.0,-95.0,95.0,2367.0
1,3990.0,6353.0,0.0,1.0,1.0,13.0,13.0,23.0,23.0,-3.0,3.0,-18.0,18.0,-95.0,95.0,2363.0
1,3992.0,6350.0,0.0,2.0,2.0,14.0,14.0,25.0,25.0,-3.0,3.0,-20.0,20.0,-96.0,96.0,2358.0
1,3992.0,6350.0,0.0,0.0,0.0,11.0,11.0,25.0,25.0,0.0,0.0,-16.0,16.0,-96.0,96.0,2358.0
1,3995.0,6348.0,0.0,3.0,3.0,11.0,11.0,28.0,28.0,-2.0,2.0,-17.0,17.0,-98.0,98.0,2353.0
1,3997.0,6346.0,0.0,2.0,2.0,12.0,12.0,25.0,25.0,-2.0,2.0,-17.0,17.0,-95.0,95.0,2349.0
1,3998.0,6344.0,0.0,1.0,1.0,13.0,13.0,26.0,26.0,-2.0,2.0,-19.0,19.0,-94.0,94.0,2346.0
1,4000.0,6342.0,0.0,2.0,2.0,15.0,15.0,25.0,25.0,-2.0,2.0,-18.0,18.0,-94.0,94.0,2342.0
1,4002.0,6340.0,0.0,2.0,2.0,14.0,14.0,24.0,24.0,-2.0,2.0,-17.0,17.0,-93.0,93.0,2338.0
1,4002.0,6340.0,0.0,0.0,0.0,13.0,13.0,23.0,23.0,0.0,0.0,-16.0,16.0,-92.0,92.0,2338.0
1,4002.0,6338.0,0.0,0.0,0.0,12.0,12.0,23.0,23.0,-2.0,2.0,-15.0,15.0,-94.0,94.0,2336.0
1,4004.0,6336.0,0.0,2.0,2.0,12.0,12.0,23.0,23.0,-2.0,2.0,-14.0,14.0,-92.0,92.0,2332.0
1,3995.0,6333.0,0.0,-9.0,9.0,3.0,3.0,13.0,13.0,-3.0,3.0,-17.0,17.0,-93.0,93.0,2338.0
1,3979.0,6329.0,0.0,-16.0,16.0,-16.0,16.0,-6.0,6.0,-4.0,4.0,-19.0,19.0,-96.0,96.0,2350.0
1,3964.0,6327.0,0.0,-15.0,15.0,-33.0,33.0,-20.0,20.0,-2.0,2.0,-19.0,19.0,-95.0,95.0,2363.0
1,3964.0,6327.0,0.0,0.0,0.0,-34.0,34.0,-24.0,24.0,0.0,0.0,-17.0,17.0,-93.0,93.0,2363.0
1,3963.0,6326.0,0.0,-1.0,1.0,-37.0,37.0,-25.0,25.0,-1.0,1.0,-16.0,16.0,-94.0,94.0,2363.0
1,3964.0,6324.0,0.0,1.0,1.0,-38.0,38.0,-25.0,25.0,-2.0,2.0,-16.0,16.0,-93.0,93.0,2360.0
1,3966.0,6323.0,0.0,2.0,2.0,-36.0,36.0,-25.0,25.0,-1.0,1.0,-17.0,17.0,-93.0,93.0,2357.0
1,3967.0,6318.0,0.0,1.0,1.0,-35.0,35.0,-27.0,27.0,-5.0,5.0,-20.0,20.0,-95.0,95.0,2351.0
1,3969.0,6317.0,0.0,2.0,2.0,-35.0,35.0,-25.0,25.0,-1.0,1.0,-19.0,19.0,-94.0,94.0,2348.0
1,3969.0,6317.0,0.0,0.0,0.0,-26.0,26.0,-27.0,27.0,0.0,0.0,-16.0,16.0,-92.0,92.0,2348.0
1,3971.0,6316.0,0.0,2.0,2.0,-8.0,8.0,-25.0,25.0,-1.0,1.0,-13.0,13.0,-93.0,93.0,2345.0
1,3972.0,6313.0,0.0,1.0,1.0,8.0,8.0,-28.0,28.0,-3.0,3.0,-14.0,14.0,-95.0,95.0,2341.0
1,3972.0,6311.0,0.0,0.0,0.0,8.0,8.0,-29.0,29.0,-2.0,2.0,-16.0,16.0,-94.0,94.0,2339.0
1,3977.0,6308.0,0.0,5.0,5.0,14.0,14.0,-26.0,26.0,-3.0,3.0,-18.0,18.0,-92.0,92.0,2331.0
1,3979.0,6306.0,0.0,2.0,2.0,15.0,15.0,-24.0,24.0,-2.0,2.0,-18.0,18.0,-93.0,93.0,2327.0
1,3979.0,6306.0,0.0,0.0,0.0,13.0,13.0,-14.0,14.0,0.0,0.0,-17.0,17.0,-91.0,91.0,2327.0
1,3980.0,6303.0,0.0,1.0,1.0,13.0,13.0,-13.0,13.0,-3.0,3.0,-15.0,15.0,-94.0,94.0,2323.0
1,3981.0,6302.0,0.0,1.0,1.0,12.0,12.0,3.0,3.0,-1.0,1.0,-15.0,15.0,-92.0,92.0,2321.0
1,3982.0,6300.0,0.0,1.0,1.0,13.0,13.0,20.0,20.0,-2.0,2.0,-17.0,17.0,-92.0,92.0,2318.0
1,3985.0,6297.0,0.0,3.0,3.0,14.0,14.0,22.0,22.0,-3.0,3.0,-19.0,19.0,-91.0,91.0,2312.0
1,3985.0,6295.0,0.0,0.0,0.0,13.0,13.0,22.0,22.0,-2.0,2.0,-18.0,18.0,-93.0,93.0,2310.0
1,3985.0,6295.0,0.0,0.0,0.0,13.0,13.0,18.0,18.0,0.0,0.0,-16.0,16.0,-91.0,91.0,2310.0
1,3989.0,6293.0,0.0,4.0,4.0,12.0,12.0,22.0,22.0,-2.0,2.0,-15.0,15.0,-93.0,93.0,2304.0
1,3991.0,6291.0,0.0,2.0,2.0,12.0,12.0,25.0,25.0,-2.0,2.0,-15.0,15.0,-93.0,93.0,2300.0
1,3992.0,6289.0,0.0,1.0,1.0,13.0,13.0,22.0,22.0,-2.0,2.0,-17.0,17.0,-92.0,92.0,2297.0
1,3993.0,6286.0,0.0,1.0,1.0,13.0,13.0,21.0,21.0,-3.0,3.0,-17.0,17.0,-90.0,90.0,2293.0
1,3995.0,6284.0,0.0,2.0,2.0,14.0,14.0,22.0,22.0,-2.0,2.0,-18.0,18.0,-92.0,92.0,2289.0
1,3995.0,6284.0,0.0,0.0,0.0,13.0,13.0,21.0,21.0,0.0,0.0,-16.0,16.0,-90.0,90.0,2289.0
1,3998.0,6282.0,0.0,3.0,3.0,13.0,13.0,24.0,24.0,-2.0,2.0,-15.0,15.0,-92.0,92.0,2284.0
1,3999.0,6279.0,0.0,1.0,1.0,14.0,14.0,22.0,22.0,-3.0,3.0,-16.0,16.0,-92.0,92.0,2280.0
1,3999.0,6278.0,0.0,0.0,0.0,14.0,14.0,21.0,21.0,-1.0,1.0,-17.0,17.0,-92.0,92.0,2279.0
1,4002.0,6276.0,0.0,3.0,3.0,13.0,13.0,21.0,21.0,-2.0,2.0,-17.0,17.0,-90.0,90.0,2274.0
1,4001.0,6273.0,0.0,-1.0,1.0,10.0,10.0,17.0,17.0,-3.0,3.0,-18.0,18.0,-92.0,92.0,2272.0
1,4001.0,6273.0,0.0,0.0,0.0,9.0,9.0,16.0,16.0,0.0,0.0,-16.0,16.0,-90.0,90.0,2272.0
1,4001.0,6273.0,0.0,0.0,0.0,8.0,8.0,16.0,16.0,0.0,0.0,-13.0,13.0,-90.0,90.0,2272.0
1,4004.0,6270.0,0.0,3.0,3.0,9.0,9.0,19.0,19.0,-3.0,3.0,-14.0,14.0,-90.0,90.0,2266.0
1,3994.0,6268.0,0.0,-10.0,10.0,-1.0,1.0,6.0,6.0,-2.0,2.0,-16.0,16.0,-89.0,89.0,2274.0
1,3980.0,6266.0,0.0,-14.0,14.0,-18.0,18.0,-9.0,9.0,-2.0,2.0,-16.0,16.0,-90.0,90.0,2286.0
1,3966.0,6262.0,0.0,-14.0,14.0,-33.0,33.0,-24.0,24.0,-4.0,4.0,-17.0,17.0,-91.0,91.0,2296.0
1,3966.0,6262.0,0.0,0.0,0.0,-33.0,33.0,-26.0,26.0,0.0,0.0,-16.0,16.0,-88.0,88.0,2296.0
1,3965.0,6260.0,0.0,-1.0,1.0,-37.0,37.0,-27.0,27.0,-2.0,2.0,-16.0,16.0,-90.0,90.0,2295.0
1,3965.0,6259.0,0.0,0.0,0.0,-36.0,36.0,-30.0,30.0,-1.0,1.0,-14.0,14.0,-89.0,89.0,2294.0
1,3968.0,6258.0,0.0,3.0,3.0,-33.0,33.0,-29.0,29.0,-1.0,1.0,-15.0,15.0,-88.0,88.0,2290.0
1,3967.0,6253.0,0.0,-1.0,1.0,-34.0,34.0,-31.0,31.0,-5.0,5.0,-20.0,20.0,-91.0,91.0,2286.0
1,3971.0,6253.0,0.0,4.0,4.0,-33.0,33.0,-29.0,29.0,0.0,0.0,-17.0,17.0,-89.0,89.0,2282.0
1,3971.0,6253.0,0.0,0.0,0.0,-23.0,23.0,-31.0,31.0,0.0,0.0,-15.0,15.0,-87.0,87.0,2282.0
1,3973.0,6248.0,0.0,2.0,2.0,-7.0,7.0,-29.0,29.0,-5.0,5.0,-18.0,18.0,-92.0,92.0,2275.0
1,3975.0,6248.0,0.0,2.0,2.0,9.0,9.0,-27.0,27.0,0.0,0.0,-14.0,14.0,-90.0,90.0,2273.0
1,3977.0,6245.0,0.0,2.0,2.0,11.0,11.0,-27.0,27.0,-3.0,3.0,-17.0,17.0,-91.0,91.0,2268.0
1,3978.0,6243.0,0.0,1.0,1.0,13.0,13.0,-17.0,17.0,-2.0,2.0,-17.0,17.0,-90.0,90.0,2265.0
1,3982.0,6241.0,0.0,4.0,4.0,17.0,17.0,3.0,3.0,-2.0,2.0,-18.0,18.0,-88.0,88.0,2259.0
1,3982.0,6241.0,0.0,0.0,0.0,14.0,14.0,18.0,18.0,0.0,0.0,-17.0,17.0,-86.0,86.0,2259.0
1,3982.0,6240.0,0.0,0.0,0.0,15.0,15.0,18.0,18.0,-1.0,1.0,-13.0,13.0,-87.0,87.0,2258.0
1,3983.0,6237.0,0.0,1.0,1.0,12.0,12.0,20.0,20.0,-3.0,3.0,-16.0,16.0,-89.0,89.0,2254.0
1,3985.0,6236.0,0.0,2.0,2.0,14.0,14.0,21.0,21.0,-1.0,1.0,-17.0,17.0,-88.0,88.0,2251.0
1,3987.0,6233.0,0.0,2.0,2.0,14.0,14.0,21.0,21.0,-3.0,3.0,-15.0,15.0,-90.0,90.0,2246.0
1,3987.0,6231.0,0.0,0.0,0.0,12.0,12.0,20.0,20.0,-2.0,2.0,-17.0,17.0,-87.0,87.0,2244.0
1,3987.0,6231.0,0.0,0.0,0.0,10.0,10.0,18.0,18.0,0.0,0.0,-14.0,14.0,-86.0,86.0,2244.0
1,3990.0,6229.0,0.0,3.0,3.0,12.0,12.0,21.0,21.0,-2.0,2.0,-14.0,14.0,-88.0,88.0,2239.0
1,3991.0,6228.0,0.0,1.0,1.0,9.0,9.0,20.0,20.0,-1.0,1.0,-13.0,13.0,-88.0,88.0,2237.0
1,3992.0,6225.0,0.0,1.0,1.0,10.0,10.0,20.0,20.0,-3.0,3.0,-16.0,16.0,-88.0,88.0,2233.0
1,3994.0,6222.0,0.0,2.0,2.0,12.0,12.0,22.0,22.0,-3.0,3.0,-18.0,18.0,-89.0,89.0,2228.0
1,3997.0,6221.0,0.0,3.0,3.0,14.0,14.0,20.0,20.0,-1.0,1.0,-16.0,16.0,-87.0,87.0,2224.0
1,3997.0,6221.0,0.0,0.0,0.0,12.0,12.0,18.0,18.0,0.0,0.0,-15.0,15.0,-85.0,85.0,2224.0
1,3998.0,6217.0,0.0,1.0,1.0,11.0,11.0,19.0,19.0,-4.0,4.0,-16.0,16.0,-89.0,89.0,2219.0
1,3997.0,6216.0,0.0,-1.0,1.0,10.0,10.0,17.0,17.0,-1.0,1.0,-15.0,15.0,-87.0,87.0,2219.0
1,4001.0,6213.0,0.0,4.0,4.0,14.0,14.0,20.0,20.0,-3.0,3.0,-18.0,18.0,-89.0,89.0,2212.0
1,4001.0,6212.0,0.0,0.0,0.0,11.0,11.0,19.0,19.0,-1.0,1.0,-17.0,17.0,-88.0,88.0,2211.0
1,4005.0,6210.0,0.0,4.0,4.0,14.0,14.0,20.0,20.0,-2.0,2.0,-18.0,18.0,-87.0,87.0,2205.0
1,4005.0,6210.0,0.0,0.0,0.0,13.0,13.0,20.0,20.0,0.0,0.0,-15.0,15.0,-85.0,85.0,2205.0
1,4005.0,6208.0,0.0,0.0,0.0,11.0,11.0,20.0,20.0,-2.0,2.0,-14.0,14.0,-87.0,87.0,2203.0
1,3994.0,6206.0,0.0,-11.0,11.0,-3.0,3.0,5.0,5.0,-2.0,2.0,-15.0,15.0,-87.0,87.0,2212.0
1,3978.0,6204.0,0.0,-16.0,16.0,-19.0,19.0,-13.0,13.0,-2.0,2.0,-17.0,17.0,-87.0,87.0,2226.0
1,3964.0,6201.0,0.0,-14.0,14.0,-34.0,34.0,-28.0,28.0,-3.0,3.0,-16.0,16.0,-88.0,88.0,2237.0
1,3962.0,6200.0,0.0,-2.0,2.0,-35.0,35.0,-31.0,31.0,-1.0,1.0,-16.0,16.0,-86.0,86.0,2238.0
1,3962.0,6200.0,0.0,0.0,0.0,-39.0,39.0,-33.0,33.0,0.0,0.0,-13.0,13.0,-84.0,84.0,2238.0
1,3963.0,6197.0,0.0,1.0,1.0,-38.0,38.0,-32.0,32.0,-3.0,3.0,-15.0,15.0,-87.0,87.0,2234.0
1,3964.0,6195.0,0.0,1.0,1.0,-41.0,41.0,-34.0,34.0,-2.0,2.0,-15.0,15.0,-87.0,87.0,2231.0
1,3967.0,6193.0,0.0,3.0,3.0,-38.0,38.0,-32.0,32.0,-2.0,2.0,-17.0,17.0,-86.0,86.0,2226.0
1,3967.0,6191.0,0.0,0.0,0.0,-38.0,38.0,-32.0,32.0,-2.0,2.0,-17.0,17.0,-87.0,87.0,2224.0
1,3971.0,6189.0,0.0,4.0,4.0,-23.0,23.0,-31.0,31.0,-2.0,2.0,-17.0,17.0,-87.0,87.0,2218.0
1,3971.0,6189.0,0.0,0.0,0.0,-7.0,7.0,-30.0,30.0,0.0,0.0,-15.0,15.0,-84.0,84.0,2218.0
1,3972.0,6187.0,0.0,1.0,1.0,8.0,8.0,-29.0,29.0,-2.0,2.0,-14.0,14.0,-86.0,86.0,2215.0
1,3973.0,6185.0,0.0,1.0,1.0,11.0,11.0,-28.0,28.0,-2.0,2.0,-15.0,15.0,-88.0,88.0,2212.0
1,3975.0,6183.0,0.0,2.0,2.0,13.0,13.0,-29.0,29.0,-2.0,2.0,-17.0,17.0,-87.0,87.0,2208.0
